,Length_of_Sentences
0,8
1,8
2,25
3,13
4,24
5,15
6,32
7,15
8,16
9,20
10,14
11,4
12,3
13,15
14,13
15,13
16,6
17,6
18,16
19,4
20,9
21,5
22,14
23,6
24,7
25,11
26,17
27,14
28,44
29,20
30,12
31,10
32,20
33,5
34,20
35,14
36,8
37,7
38,33
39,19
40,3
41,4
42,8
43,11
44,40
45,13
46,14
47,12
48,6
49,46
50,21
51,6
52,39
53,41
54,4
55,11
56,17
57,51
58,19
59,31
60,30
61,16
62,13
63,7
64,17
65,14
66,12
67,11
68,9
69,17
70,24
71,9
72,11
73,4
74,11
75,15
76,13
77,10
78,32
79,33
80,33
81,4
82,6
83,4
84,24
85,12
86,7
87,18
88,8
89,39
90,22
91,9
92,5
93,16
94,9
95,20
96,38
97,8
98,7
99,6
100,36
101,3
102,3
103,3
104,3
105,9
106,19
107,19
108,16
109,4
110,7
111,3
112,11
113,21
114,5
115,11
116,5
117,15
118,6
119,13
120,12
121,21
122,11
123,21
124,25
125,13
126,38
127,8
128,103
129,32
130,16
131,49
132,29
133,7
134,13
135,55
136,30
137,49
138,40
139,39
140,38
141,28
142,28
143,25
144,20
145,32
146,24
147,10
148,5
149,8
150,4
151,4
152,13
153,45
154,42
155,9
156,18
157,14
158,36
159,9
160,27
161,10
162,16
163,59
164,11
165,40
166,12
167,10
168,14
169,6
170,6
171,19
172,10
173,8
174,3
175,3
176,8
177,27
178,10
179,7
180,7
181,13
182,22
183,55
184,22
185,36
186,21
187,9
188,13
189,15
190,4
191,3
192,5
193,19
194,9
195,17
196,17
197,21
198,19
199,9
200,10
201,12
202,9
203,7
204,10
205,12
206,49
207,21
208,8
209,14
210,14
211,20
212,10
213,28
214,49
215,56
216,16
217,6
218,6
219,6
220,23
221,26
222,37
223,51
224,25
225,19
226,36
227,18
228,16
229,68
230,7
231,14
232,4
233,26
234,22
235,25
236,8
237,25
238,22
239,10
240,65
241,30
242,12
243,11
244,16
245,20
246,50
247,40
248,17
249,22
250,15
251,35
252,27
253,22
254,20
255,41
256,17
257,13
258,45
259,11
260,31
261,12
262,12
263,31
264,25
265,12
266,11
267,9
268,13
269,14
270,30
271,6
272,14
273,5
274,14
275,24
276,10
277,23
278,10
279,13
280,26
281,74
282,44
283,14
284,22
285,19
286,9
287,10
288,4
289,35
290,56
291,22
292,21
293,6
294,16
295,4
296,4
297,4
298,4
299,32
300,4
301,5
302,14
303,11
304,11
305,23
306,8
307,20
308,16
309,36
310,16
311,14
312,10
313,11
314,20
315,4
316,8
317,11
318,15
319,41
320,25
321,17
322,11
323,21
324,10
325,10
326,11
327,11
328,3
329,2
330,4
331,21
332,9
333,9
334,5
335,39
336,40
337,26
338,61
339,22
340,26
341,38
342,40
343,17
344,5
345,10
346,56
347,74
348,9
349,38
350,8
351,64
352,15
353,7
354,10
355,11
356,15
357,9
358,4
359,8
360,9
361,16
362,26
363,12
364,35
365,79
366,123
367,97
368,30
369,101
370,21
371,28
372,5
373,37
374,33
375,57
376,48
377,48
378,31
379,113
380,5
381,31
382,34
383,40
384,69
385,24
386,6
387,5
388,6
389,38
390,8
391,5
392,5
393,5
394,7
395,8
396,7
397,9
398,6
399,9
400,3
401,8
402,5
403,6
404,5
405,3
406,4
407,3
408,4
409,5
410,8
411,9
412,9
413,4
414,4
415,4
416,4
417,13
418,11
419,7
420,7
421,2
422,4
423,4
424,8
425,21
426,2
427,12
428,36
429,8
430,22
431,42
432,84
433,8
434,4
435,2
436,2
437,66
438,22
439,81
440,109
441,55
442,39
443,21
444,31
445,9
446,15
447,26
448,15
449,72
450,95
451,65
452,36
453,9
454,6
455,22
456,9
457,3
458,5
459,10
460,72
461,34
462,6
463,9
464,20
465,43
466,26
467,5
468,7
469,17
470,12
471,6
472,8
473,12
474,5
475,6
476,37
477,10
478,6
479,17
480,28
481,10
482,6
483,27
484,10
485,34
486,36
487,50
488,4
489,41
490,5
491,54
492,7
493,9
494,81
495,12
496,11
497,5
498,13
499,12
500,16
501,12
502,75
503,47
504,29
505,46
506,11
507,9
508,72
509,112
510,31
511,38
512,11
513,6
514,10
515,47
516,3
517,2
518,6
519,5
520,11
521,25
522,15
523,7
524,28
525,12
526,7
527,16
528,4
529,13
530,25
531,52
532,17
533,13
534,3
535,9
536,7
537,38
538,38
539,16
540,11
541,6
542,10
543,13
544,10
545,25
546,14
547,9
548,11
549,6
550,7
551,23
552,19
553,24
554,4
555,37
556,28
557,9
558,25
559,31
560,23
561,25
562,6
563,36
564,74
565,10
566,23
567,6
568,9
569,8
570,12
571,15
572,11
573,3
574,4
575,3
576,5
577,12
578,4
579,6
580,5
581,5
582,12
583,5
584,6
585,3
586,12
587,13
588,5
589,5
590,7
591,4
592,3
593,20
594,5
595,5
596,17
597,4
598,19
599,60
600,11
601,7
602,10
603,11
604,8
605,9
606,6
607,4
608,10
609,10
610,13
611,9
612,6
613,7
614,4
615,13
616,5
617,5
618,5
619,17
620,5
621,17
622,4
623,5
624,16
625,9
626,11
627,17
628,3
629,3
630,18
631,3
632,3
633,33
634,4
635,29
636,15
637,5
638,35
639,5
640,17
641,10
642,16
643,12
644,7
645,6
646,29
647,29
648,18
649,21
650,13
651,7
652,8
653,21
654,28
655,13
656,13
657,84
658,21
659,49
660,31
661,74
662,39
663,38
664,4
665,10
666,6
667,10
668,4
669,27
670,8
671,30
672,4
673,7
674,10
675,12
676,26
677,14
678,17
679,14
680,12
681,12
682,11
683,4
684,19
685,26
686,4
687,3
688,4
689,5
690,8
691,10
692,12
693,9
694,18
695,12
696,7
697,9
698,13
699,11
700,8
701,14
702,4
703,12
704,16
705,5
706,4
707,7
708,9
709,19
710,13
711,14
712,7
713,8
714,6
715,11
716,7
717,13
718,3
719,15
720,21
721,27
722,27
723,10
724,10
725,9
726,37
727,14
728,20
729,31
730,13
731,10
732,23
733,11
734,5
735,22
736,23
737,9
738,5
739,19
740,19
741,10
742,42
743,12
744,28
745,19
746,25
747,37
748,7
749,13
750,23
751,32
752,20
753,8
754,10
755,17
756,10
757,18
758,27
759,7
760,7
761,24
762,13
763,6
764,34
765,49
766,16
767,9
768,5
769,18
770,12
771,6
772,23
773,43
774,5
775,4
776,38
777,13
778,7
779,5
780,10
781,4
782,13
783,10
784,11
785,14
786,4
787,8
788,13
789,3
790,6
791,14
792,4
793,7
794,5
795,5
796,6
797,6
798,6
799,7
800,4
801,4
802,4
803,4
804,5
805,4
806,7
807,5
808,4
809,4
810,8
811,7
812,9
813,18
814,5
815,6
816,11
817,27
818,4
819,8
820,29
821,6
822,12
823,10
824,24
825,8
826,2
827,49
828,20
829,19
830,36
831,111
832,63
833,20
834,68
835,63
836,23
837,10
838,17
839,13
840,9
841,20
842,26
843,12
844,13
845,13
846,55
847,19
848,22
849,34
850,7
851,25
852,30
853,50
854,8
855,9
856,40
857,39
858,41
859,30
860,122
861,88
862,50
863,26
864,15
865,35
866,29
867,58
868,8
869,38
870,115
871,17
872,69
873,40
874,9
875,80
876,165
877,28
878,167
879,32
880,58
881,11
882,22
883,21
884,13
885,9
886,20
887,51
888,25
889,79
890,11
891,25
892,21
893,52
894,17
895,66
896,38
897,25
898,57
899,74
900,30
901,57
902,180
903,36
904,130
905,4
906,7
907,7
908,4
909,3
910,5
911,5
912,8
913,12
914,15
915,12
916,7
917,2
918,9
919,13
920,15
921,20
922,12
923,33
924,7
925,40
926,45
927,120
928,16
929,18
930,8
931,23
932,10
933,17
934,7
935,15
936,40
937,12
938,51
939,6
940,113
941,5
942,72
943,26
944,18
945,48
946,14
947,14
948,68
949,36
950,22
951,38
952,13
953,11
954,13
955,9
956,25
957,25
958,32
959,3
960,36
961,69
962,165
963,31
964,22
965,8
966,9
967,10
968,9
969,47
970,23
971,5
972,39
973,19
974,17
975,15
976,9
977,9
978,7
979,40
980,15
981,27
982,19
983,13
984,18
985,37
986,6
987,28
988,37
989,20
990,45
991,17
992,63
993,33
994,23
995,22
996,11
997,48
998,16
999,6
1000,10
1001,6
1002,11
1003,17
1004,5
1005,9
1006,4
1007,8
1008,8
1009,17
1010,8
1011,90
1012,16
1013,25
1014,61
1015,37
1016,9
1017,10
1018,11
1019,3
1020,5
1021,15
1022,3
1023,5
1024,6
1025,5
1026,9
1027,17
1028,6
1029,10
1030,6
1031,7
1032,9
1033,5
1034,9
1035,18
1036,5
1037,4
1038,4
1039,29
1040,26
1041,8
1042,8
1043,8
1044,4
1045,33
1046,26
1047,24
1048,6
1049,28
1050,19
1051,5
1052,29
1053,5
1054,7
1055,7
1056,34
1057,32
1058,14
1059,27
1060,8
1061,27
1062,7
1063,26
1064,8
1065,6
1066,22
1067,10
1068,29
1069,29
1070,38
1071,44
1072,4
1073,15
1074,15
1075,34
1076,10
1077,11
1078,6
1079,23
1080,32
1081,46
1082,53
1083,15
1084,13
1085,32
1086,2
1087,5
1088,14
1089,11
1090,15
1091,6
1092,2
1093,21
1094,3
1095,20
1096,5
1097,7
1098,11
1099,7
1100,2
1101,4
1102,11
1103,4
1104,14
1105,8
1106,5
1107,4
1108,7
1109,11
1110,13
1111,5
1112,10
1113,5
1114,4
1115,4
1116,5
1117,9
1118,4
1119,11
1120,9
1121,10
1122,5
1123,5
1124,4
1125,20
1126,4
1127,4
1128,4
1129,15
1130,19
1131,8
1132,12
1133,3
1134,6
1135,6
1136,22
1137,14
1138,12
1139,4
1140,14
1141,3
1142,3
1143,2
1144,5
1145,3
1146,3
1147,8
1148,3
1149,32
1150,11
1151,5
1152,7
1153,21
1154,10
1155,9
1156,8
1157,20
1158,10
1159,7
1160,9
1161,15
1162,22
1163,22
1164,51
1165,59
1166,9
1167,9
1168,4
1169,5
1170,5
1171,5
1172,9
1173,16
1174,4
1175,21
1176,18
1177,4
1178,12
1179,11
1180,41
1181,51
1182,37
1183,10
1184,76
1185,20
1186,3
1187,17
1188,4
1189,8
1190,19
1191,8
1192,17
1193,9
1194,4
1195,21
1196,15
1197,16
1198,18
1199,24
1200,5
1201,10
1202,5
1203,3
1204,5
1205,9
1206,6
1207,7
1208,19
1209,12
1210,11
1211,6
1212,4
1213,16
1214,7
1215,4
1216,24
1217,13
1218,16
1219,11
1220,15
1221,7
1222,6
1223,10
1224,10
1225,3
1226,7
1227,6
1228,9
1229,5
1230,10
1231,24
1232,14
1233,20
1234,20
1235,15
1236,5
1237,11
1238,66
1239,7
1240,2
1241,10
1242,21
1243,6
1244,5
1245,19
1246,10
1247,28
1248,16
1249,10
1250,6
1251,7
1252,48
1253,7
1254,8
1255,4
1256,9
1257,50
1258,13
1259,10
1260,29
1261,15
1262,7
1263,7
1264,6
1265,13
1266,41
1267,18
1268,15
1269,18
1270,19
1271,7
1272,13
1273,11
1274,16
1275,12
1276,42
1277,10
1278,10
1279,42
1280,22
1281,12
1282,34
1283,14
1284,12
1285,8
1286,2
1287,3
1288,4
1289,7
1290,13
1291,9
1292,9
1293,4
1294,14
1295,11
1296,11
1297,21
1298,5
1299,19
1300,7
1301,9
1302,8
1303,9
1304,17
1305,14
1306,21
1307,10
1308,29
1309,12
1310,16
1311,29
1312,9
1313,15
1314,11
1315,18
1316,10
1317,3
1318,10
1319,20
1320,9
1321,23
1322,11
1323,11
1324,7
1325,6
1326,8
1327,6
1328,4
1329,22
1330,12
1331,13
1332,7
1333,8
1334,4
1335,3
1336,4
1337,9
1338,6
1339,11
1340,30
1341,11
1342,39
1343,36
1344,25
1345,65
1346,52
1347,17
1348,7
1349,10
1350,8
1351,12
1352,3
1353,3
1354,19
1355,36
1356,17
1357,13
1358,29
1359,16
1360,9
1361,21
1362,7
1363,11
1364,35
1365,39
1366,11
1367,105
1368,196
1369,35
1370,52
1371,68
1372,88
1373,6
1374,36
1375,32
1376,6
1377,4
1378,15
1379,17
1380,9
1381,18
1382,11
1383,5
1384,13
1385,7
1386,33
1387,7
1388,7
1389,7
1390,7
1391,20
1392,10
1393,16
1394,40
1395,7
1396,6
1397,4
1398,5
1399,20
1400,14
1401,6
1402,12
1403,5
1404,4
1405,5
1406,24
1407,23
1408,7
1409,13
1410,13
1411,6
1412,3
1413,17
1414,5
1415,3
1416,15
1417,12
1418,10
1419,4
1420,8
1421,3
1422,6
1423,9
1424,10
1425,13
1426,4
1427,2
1428,4
1429,6
1430,24
1431,4
1432,4
1433,7
1434,8
1435,3
1436,7
1437,6
1438,3
1439,5
1440,10
1441,5
1442,7
1443,26
1444,9
1445,7
1446,9
1447,12
1448,6
1449,8
1450,16
1451,9
1452,20
1453,16
1454,19
1455,27
1456,15
1457,30
1458,14
1459,15
1460,49
1461,7
1462,4
1463,3
1464,14
1465,13
1466,6
1467,9
1468,6
1469,9
1470,4
1471,23
1472,3
1473,19
1474,7
1475,4
1476,7
1477,8
1478,13
1479,6
1480,8
1481,15
1482,11
1483,8
1484,6
1485,13
1486,7
1487,6
1488,8
1489,7
1490,6
1491,14
1492,14
1493,8
1494,17
1495,15
1496,12
1497,8
1498,6
1499,12
1500,8
1501,3
1502,8
1503,6
1504,4
1505,26
1506,8
1507,9
1508,7
1509,13
1510,5
1511,15
1512,20
1513,9
1514,10
1515,17
1516,7
1517,5
1518,8
1519,7
1520,11
1521,11
1522,18
1523,4
1524,24
1525,72
1526,3
1527,19
1528,29
1529,21
1530,30
1531,29
1532,4
1533,4
1534,9
1535,10
1536,6
1537,8
1538,13
1539,30
1540,6
1541,29
1542,22
1543,23
1544,28
1545,23
1546,51
1547,35
1548,6
1549,5
1550,5
1551,5
1552,6
1553,31
1554,25
1555,21
1556,28
1557,11
1558,3
1559,7
1560,5
1561,43
1562,4
1563,13
1564,18
1565,6
1566,100
1567,63
1568,5
1569,65
1570,5
1571,20
1572,20
1573,10
1574,21
1575,11
1576,26
1577,5
1578,28
1579,13
1580,10
1581,18
1582,3
1583,15
1584,8
1585,12
1586,13
1587,20
1588,25
1589,27
1590,3
1591,3
1592,7
1593,24
1594,8
1595,5
1596,6
1597,5
1598,11
1599,20
1600,16
1601,17
1602,20
1603,29
1604,9
1605,5
1606,24
1607,10
1608,34
1609,11
1610,21
1611,5
1612,6
1613,82
1614,28
1615,13
1616,4
1617,4
1618,16
1619,8
1620,38
1621,19
1622,4
1623,21
1624,26
1625,8
1626,23
1627,12
1628,6
1629,18
1630,7
1631,40
1632,26
1633,8
1634,5
1635,11
1636,10
1637,9
1638,11
1639,12
1640,10
1641,2
1642,2
1643,6
1644,9
1645,18
1646,18
1647,4
1648,25
1649,10
1650,7
1651,14
1652,9
1653,31
1654,22
1655,33
1656,7
1657,14
1658,38
1659,8
1660,7
1661,8
1662,6
1663,6
1664,18
1665,26
1666,7
1667,26
1668,5
1669,8
1670,5
1671,19
1672,15
1673,6
1674,4
1675,2
1676,11
1677,8
1678,13
1679,10
1680,12
1681,3
1682,3
1683,7
1684,4
1685,22
1686,2
1687,3
1688,6
1689,14
1690,11
1691,13
1692,24
1693,9
1694,9
1695,8
1696,12
1697,10
1698,18
1699,28
1700,5
1701,2
1702,3
1703,22
1704,16
1705,7
1706,2
1707,3
1708,3
1709,33
1710,31
1711,5
1712,26
1713,47
1714,18
1715,19
1716,28
1717,6
1718,11
1719,5
1720,10
1721,26
1722,20
1723,40
1724,15
1725,23
1726,15
1727,43
1728,13
1729,2
1730,15
1731,6
1732,5
1733,22
1734,8
1735,13
1736,13
1737,35
1738,6
1739,9
1740,6
1741,6
1742,8
1743,4
1744,5
1745,13
1746,15
1747,4
1748,8
1749,4
1750,7
1751,5
1752,7
1753,2
1754,6
1755,16
1756,8
1757,4
1758,11
1759,3
1760,7
1761,16
1762,5
1763,12
1764,8
1765,9
1766,16
1767,4
1768,12
1769,3
1770,8
1771,7
1772,4
1773,17
1774,7
1775,8
1776,3
1777,9
1778,10
1779,5
1780,20
1781,8
1782,13
1783,8
1784,20
1785,5
1786,13
1787,17
1788,46
1789,43
1790,8
1791,17
1792,23
1793,17
1794,36
1795,10
1796,260
1797,6
1798,50
1799,10
1800,5
1801,24
1802,46
1803,56
1804,41
1805,52
1806,18
1807,22
1808,27
1809,13
1810,9
1811,7
1812,21
1813,49
1814,13
1815,27
1816,9
1817,6
1818,12
1819,25
1820,28
1821,17
1822,8
1823,2
1824,6
1825,12
1826,6
1827,16
1828,15
1829,14
1830,9
1831,9
1832,7
1833,13
1834,24
1835,12
1836,6
1837,8
1838,10
1839,12
1840,4
1841,5
1842,19
1843,14
1844,21
1845,14
1846,15
1847,16
1848,13
1849,10
1850,9
1851,10
1852,12
1853,4
1854,5
1855,4
1856,6
1857,8
1858,9
1859,23
1860,10
1861,10
1862,18
1863,10
1864,8
1865,4
1866,18
1867,8
1868,10
1869,9
1870,8
1871,12
1872,9
1873,12
1874,5
1875,6
1876,9
1877,16
1878,10
1879,9
1880,5
1881,5
1882,9
1883,5
1884,16
1885,14
1886,17
1887,18
1888,9
1889,16
1890,13
1891,15
1892,10
1893,9
1894,14
1895,15
1896,16
1897,27
1898,36
1899,43
1900,16
1901,11
1902,43
1903,12
1904,24
1905,25
1906,17
1907,12
1908,5
1909,3
1910,9
1911,7
1912,15
1913,16
1914,5
1915,58
1916,24
1917,5
1918,18
1919,25
1920,96
1921,89
1922,28
1923,53
1924,88
1925,24
1926,8
1927,6
1928,25
1929,8
1930,11
1931,17
1932,9
1933,8
1934,4
1935,11
1936,16
1937,6
1938,13
1939,3
1940,12
1941,4
1942,7
1943,18
1944,18
1945,15
1946,5
1947,13
1948,4
1949,18
1950,18
1951,4
1952,14
1953,8
1954,5
1955,12
1956,15
1957,10
1958,14
1959,8
1960,6
1961,5
1962,4
1963,121
1964,36
1965,18
1966,20
1967,17
1968,12
1969,6
1970,7
1971,7
1972,4
1973,14
1974,7
1975,33
1976,5
1977,30
1978,10
1979,10
1980,6
1981,6
1982,20
1983,23
1984,24
1985,33
1986,7
1987,19
1988,13
1989,7
1990,8
1991,15
1992,20
1993,21
1994,10
1995,13
1996,15
1997,32
1998,30
1999,33
2000,31
2001,8
2002,12
2003,11
2004,10
2005,16
2006,21
2007,14
2008,7
2009,12
2010,8
2011,12
2012,8
2013,17
2014,6
2015,13
2016,26
2017,4
2018,5
2019,2
2020,16
2021,13
2022,11
2023,11
2024,22
2025,7
2026,8
2027,7
2028,3
2029,4
2030,12
2031,19
2032,32
2033,20
2034,34
2035,18
2036,25
2037,15
2038,3
2039,14
2040,6
2041,8
2042,8
2043,15
2044,7
2045,13
2046,11
2047,7
2048,7
2049,35
2050,19
2051,22
2052,6
2053,4
2054,7
2055,24
2056,16
2057,12
2058,12
2059,14
2060,13
2061,14
2062,7
2063,6
2064,4
2065,9
2066,13
2067,6
2068,10
2069,11
2070,7
2071,8
2072,5
2073,10
2074,21
2075,10
2076,4
2077,10
2078,3
2079,3
2080,17
2081,13
2082,23
2083,7
2084,8
2085,16
2086,14
2087,12
2088,12
2089,3
2090,13
2091,7
2092,6
2093,8
2094,5
2095,6
2096,5
2097,8
2098,10
2099,12
2100,7
2101,7
2102,5
2103,12
2104,9
2105,4
2106,5
2107,21
2108,7
2109,11
2110,20
2111,13
2112,18
2113,9
2114,13
2115,12
2116,10
2117,13
2118,15
2119,6
2120,3
2121,11
2122,6
2123,14
2124,4
2125,13
2126,4
2127,4
2128,27
2129,11
2130,5
2131,8
2132,14
2133,25
2134,31
2135,5
2136,6
2137,7
2138,22
2139,31
2140,12
2141,10
2142,10
2143,8
2144,13
2145,27
2146,17
2147,27
2148,25
2149,9
2150,10
2151,5
2152,25
2153,19
2154,17
2155,31
2156,4
2157,10
2158,30
2159,18
2160,31
2161,20
2162,13
2163,106
2164,96
2165,22
2166,8
2167,8
2168,15
2169,5
2170,6
2171,17
2172,8
2173,5
2174,11
2175,10
2176,11
2177,8
2178,12
2179,18
2180,7
2181,3
2182,11
2183,14
2184,20
2185,25
2186,5
2187,8
2188,6
2189,20
2190,8
2191,5
2192,5
2193,10
2194,4
2195,6
2196,23
2197,7
2198,8
2199,5
2200,16
2201,9
2202,16
2203,6
2204,6
2205,9
2206,11
2207,13
2208,8
2209,4
2210,8
2211,5
2212,20
2213,2
2214,8
2215,4
2216,6
2217,16
2218,10
2219,6
2220,14
2221,6
2222,8
2223,10
2224,5
2225,22
2226,6
2227,6
2228,15
2229,14
2230,7
2231,5
2232,11
2233,6
2234,5
2235,8
2236,8
2237,7
2238,8
2239,17
2240,6
2241,10
2242,8
2243,15
2244,9
2245,33
2246,12
2247,7
2248,11
2249,8
2250,16
2251,5
2252,5
2253,16
2254,9
2255,5
2256,11
2257,3
2258,17
2259,9
2260,18
2261,17
2262,15
2263,10
2264,11
2265,23
2266,6
2267,18
2268,18
2269,4
2270,15
2271,65
2272,27
2273,69
2274,26
2275,4
2276,11
2277,13
2278,8
2279,11
2280,9
2281,8
2282,15
2283,10
2284,4
2285,21
2286,20
2287,8
2288,9
2289,10
2290,8
2291,5
2292,6
2293,13
2294,7
2295,7
2296,15
2297,8
2298,6
2299,11
2300,9
2301,11
2302,9
2303,3
2304,6
2305,8
2306,12
2307,7
2308,8
2309,12
2310,8
2311,20
2312,5
2313,11
2314,13
2315,7
2316,6
2317,5
2318,11
2319,9
2320,17
2321,10
2322,9
2323,19
2324,8
2325,12
2326,4
2327,28
2328,15
2329,11
2330,18
2331,41
2332,14
2333,21
2334,3
2335,13
2336,5
2337,35
2338,9
2339,2
2340,11
2341,8
2342,21
2343,7
2344,9
2345,7
2346,6
2347,10
2348,4
2349,7
2350,9
2351,16
2352,17
2353,19
2354,9
2355,4
2356,5
2357,11
2358,6
2359,8
2360,19
2361,2
2362,4
2363,10
2364,12
2365,15
2366,11
2367,10
2368,5
2369,10
2370,13
2371,8
2372,5
2373,18
2374,9
2375,8
2376,17
2377,9
2378,5
2379,11
2380,13
2381,9
2382,21
2383,3
2384,11
2385,24
2386,15
2387,11
2388,15
2389,10
2390,11
2391,10
2392,6
2393,14
2394,9
2395,9
2396,8
2397,12
2398,10
2399,8
2400,19
2401,13
2402,5
2403,8
2404,4
2405,9
2406,12
2407,19
2408,13
2409,3
2410,5
2411,4
2412,6
2413,12
2414,9
2415,9
2416,6
2417,29
2418,13
2419,14
2420,14
2421,5
2422,3
2423,8
2424,7
2425,9
2426,5
2427,13
2428,6
2429,8
2430,8
2431,8
2432,3
2433,4
2434,19
2435,3
2436,14
2437,7
2438,8
2439,13
2440,5
2441,12
2442,8
2443,3
2444,17
2445,9
2446,4
2447,11
2448,3
2449,10
2450,6
2451,6
2452,4
2453,3
2454,10
2455,10
2456,6
2457,8
2458,9
2459,6
2460,15
2461,4
2462,9
2463,10
2464,13
2465,9
2466,6
2467,12
2468,20
2469,23
2470,25
2471,6
2472,75
2473,18
2474,9
2475,9
2476,5
2477,3
2478,2
2479,13
2480,8
2481,7
2482,6
2483,6
2484,4
2485,13
2486,14
2487,5
2488,19
2489,17
2490,13
2491,19
2492,31
2493,4
2494,5
2495,11
2496,23
2497,9
2498,8
2499,4
2500,8
2501,8
2502,10
2503,7
2504,3
2505,6
2506,13
2507,19
2508,11
2509,4
2510,7
2511,9
2512,6
2513,11
2514,4
2515,5
2516,5
2517,3
2518,15
2519,4
2520,14
2521,2
2522,3
2523,12
2524,10
2525,18
2526,12
2527,11
2528,4
2529,4
2530,53
2531,4
2532,19
2533,7
2534,22
2535,13
2536,8
2537,7
2538,7
2539,3
2540,8
2541,4
2542,10
2543,16
2544,5
2545,3
2546,7
2547,5
2548,14
2549,8
2550,7
2551,11
2552,8
2553,8
2554,19
2555,8
2556,6
2557,18
2558,4
2559,9
2560,8
2561,14
2562,4
2563,4
2564,8
2565,10
2566,2
2567,8
2568,6
2569,12
2570,16
2571,8
2572,5
2573,2
2574,2
2575,11
2576,16
2577,9
2578,5
2579,5
2580,4
2581,4
2582,5
2583,2
2584,22
2585,9
2586,4
2587,7
2588,27
2589,4
2590,8
2591,2
2592,3
2593,11
2594,4
2595,6
2596,14
2597,22
2598,8
2599,23
2600,4
2601,14
2602,13
2603,6
2604,2
2605,33
2606,7
2607,29
2608,5
2609,15
2610,4
2611,42
2612,3
2613,6
2614,2
2615,8
2616,25
2617,10
2618,25
2619,9
2620,13
2621,15
2622,14
2623,11
2624,11
2625,16
2626,12
2627,11
2628,8
2629,20
2630,6
2631,8
2632,14
2633,23
2634,6
2635,4
2636,2
2637,8
2638,18
2639,6
2640,4
2641,8
2642,7
2643,22
2644,14
2645,27
2646,8
2647,6
2648,14
2649,12
2650,2
2651,3
2652,6
2653,3
2654,10
2655,9
2656,6
2657,23
2658,5
2659,7
2660,2
2661,6
2662,3
2663,5
2664,7
2665,7
2666,4
2667,10
2668,4
2669,4
2670,5
2671,4
2672,3
2673,17
2674,15
2675,18
2676,9
2677,26
2678,8
2679,15
2680,42
2681,14
2682,67
2683,17
2684,7
2685,7
2686,5
2687,4
2688,4
2689,9
2690,12
2691,10
2692,22
2693,4
2694,10
2695,5
2696,7
2697,36
2698,6
2699,4
2700,4
2701,4
2702,20
2703,20
2704,3
2705,3
2706,5
2707,3
2708,44
2709,9
2710,27
2711,10
2712,5
2713,7
2714,35
2715,20
2716,2
2717,6
2718,27
2719,9
2720,8
2721,11
2722,30
2723,7
2724,18
2725,102
2726,17
2727,20
2728,6
2729,13
2730,28
2731,29
2732,5
2733,7
2734,10
2735,5
2736,19
2737,175
2738,38
2739,8
2740,4
2741,8
2742,2
2743,3
2744,6
2745,4
2746,11
2747,15
2748,13
2749,26
2750,9
2751,19
2752,6
2753,3
2754,4
2755,5
2756,7
2757,4
2758,9
2759,22
2760,14
2761,13
2762,15
2763,8
2764,5
2765,19
2766,12
2767,17
2768,7
2769,4
2770,13
2771,21
2772,14
2773,6
2774,11
2775,13
2776,6
2777,9
2778,4
2779,11
2780,21
2781,15
2782,21
2783,31
2784,27
2785,10
2786,9
2787,12
2788,17
2789,7
2790,14
2791,6
2792,11
2793,16
2794,9
2795,12
2796,7
2797,9
2798,24
2799,4
2800,6
2801,14
2802,16
2803,6
2804,4
2805,9
2806,8
2807,23
2808,10
2809,24
2810,9
2811,2
2812,16
2813,6
2814,3
2815,8
2816,2
2817,3
2818,7
2819,20
2820,37
2821,8
2822,28
2823,9
2824,12
2825,6
2826,11
2827,7
2828,9
2829,23
2830,20
2831,31
2832,7
2833,9
2834,18
2835,18
2836,12
2837,13
2838,8
2839,16
2840,14
2841,12
2842,6
2843,3
2844,10
2845,9
2846,9
2847,7
2848,5
2849,5
2850,6
2851,9
2852,3
2853,14
2854,3
2855,10
2856,3
2857,9
2858,6
2859,3
2860,5
2861,11
2862,10
2863,13
2864,15
2865,11
2866,24
2867,7
2868,8
2869,16
2870,11
2871,20
2872,8
2873,22
2874,9
2875,9
2876,7
2877,23
2878,7
2879,6
2880,74
2881,11
2882,12
2883,19
2884,7
2885,18
2886,12
2887,8
2888,21
2889,14
2890,9
2891,11
2892,6
2893,6
2894,3
2895,8
2896,7
2897,9
2898,4
2899,7
2900,13
2901,5
2902,10
2903,4
2904,33
2905,4
2906,7
2907,13
2908,10
2909,2
2910,6
2911,7
2912,12
2913,10
2914,23
2915,17
2916,16
2917,6
2918,33
2919,59
2920,16
2921,38
2922,12
2923,23
2924,27
2925,10
2926,4
2927,4
2928,14
2929,16
2930,20
2931,49
2932,30
2933,4
2934,5
2935,14
2936,24
2937,27
2938,14
2939,107
2940,24
2941,38
2942,10
2943,5
2944,5
2945,2
2946,5
2947,7
2948,7
2949,5
2950,8
2951,5
2952,30
2953,13
2954,25
2955,26
2956,19
2957,40
2958,4
2959,18
2960,9
2961,21
2962,69
2963,15
2964,11
2965,12
2966,4
2967,7
2968,21
2969,11
2970,10
2971,12
2972,11
2973,17
2974,16
2975,3
2976,13
2977,10
2978,5
2979,5
2980,13
2981,63
2982,10
2983,8
2984,27
2985,24
2986,15
2987,11
2988,16
2989,23
2990,17
2991,4
2992,30
2993,9
2994,14
2995,12
2996,5
2997,7
2998,7
2999,9
3000,6
3001,8
3002,16
3003,12
3004,11
3005,7
3006,9
3007,11
3008,6
3009,9
3010,16
3011,3
3012,11
3013,10
3014,8
3015,6
3016,16
3017,18
3018,5
3019,3
3020,3
3021,11
3022,10
3023,2
3024,6
3025,13
3026,11
3027,5
3028,5
3029,4
3030,4
3031,14
3032,7
3033,15
3034,12
3035,5
3036,6
3037,10
3038,12
3039,5
3040,15
3041,6
3042,6
3043,61
3044,16
3045,25
3046,27
3047,14
3048,36
3049,24
3050,4
3051,4
3052,14
3053,11
3054,16
3055,13
3056,9
3057,60
3058,37
3059,41
3060,17
3061,13
3062,8
3063,7
3064,14
3065,20
3066,9
3067,35
3068,5
3069,9
3070,8
3071,27
3072,8
3073,35
3074,41
3075,46
3076,59
3077,10
3078,36
3079,6
3080,5
3081,30
3082,3
3083,11
3084,13
3085,6
3086,11
3087,6
3088,10
3089,14
3090,23
3091,8
3092,12
3093,28
3094,16
3095,6
3096,10
3097,22
3098,10
3099,17
3100,13
3101,37
3102,10
3103,17
3104,22
3105,17
3106,4
3107,2
3108,13
3109,16
3110,2
3111,14
3112,11
3113,5
3114,12
3115,8
3116,10
3117,8
3118,10
3119,7
3120,3
3121,12
3122,6
3123,10
3124,7
3125,14
3126,12
3127,5
3128,45
3129,22
3130,12
3131,22
3132,10
3133,42
3134,16
3135,45
3136,16
3137,29
3138,18
3139,32
3140,6
3141,35
3142,10
3143,54
3144,3
3145,4
3146,8
3147,15
3148,5
3149,10
3150,34
3151,31
3152,15
3153,35
3154,45
3155,21
3156,45
3157,6
3158,40
3159,27
3160,94
3161,8
3162,82
3163,10
3164,12
3165,15
3166,5
3167,6
3168,12
3169,24
3170,19
3171,24
3172,15
3173,15
3174,6
3175,25
3176,98
3177,15
3178,21
3179,16
3180,6
3181,5
3182,4
3183,27
3184,4
3185,5
3186,10
3187,4
3188,5
3189,4
3190,5
3191,4
3192,3
3193,12
3194,22
3195,16
3196,9
3197,4
3198,4
3199,6
3200,4
3201,10
3202,29
3203,17
3204,12
3205,6
3206,31
3207,5
3208,4
3209,15
3210,31
3211,10
3212,3
3213,7
3214,6
3215,15
3216,4
3217,4
3218,19
3219,13
3220,13
3221,6
3222,5
3223,23
3224,76
3225,7
3226,11
3227,79
3228,10
3229,17
3230,20
3231,21
3232,50
3233,34
3234,16
3235,29
3236,7
3237,23
3238,5
3239,8
3240,7
3241,13
3242,59
3243,12
3244,12
3245,11
3246,19
3247,4
3248,11
3249,8
3250,28
3251,7
3252,12
3253,15
3254,11
3255,67
3256,45
3257,7
3258,29
3259,31
3260,8
3261,6
3262,30
3263,6
3264,18
3265,13
3266,25
3267,11
3268,29
3269,17
3270,45
3271,7
3272,90
3273,19
3274,42
3275,26
3276,27
3277,3
3278,8
3279,7
3280,19
3281,13
3282,16
3283,9
3284,7
3285,14
3286,21
3287,19
3288,3
3289,61
3290,12
3291,11
3292,13
3293,12
3294,10
3295,24
3296,17
3297,21
3298,7
3299,8
3300,8
3301,14
3302,8
3303,12
3304,11
3305,15
3306,18
3307,10
3308,20
3309,13
3310,17
3311,23
3312,36
3313,26
3314,15
3315,11
3316,7
3317,62
3318,15
3319,6
3320,21
3321,10
3322,5
3323,8
3324,4
3325,15
3326,8
3327,12
3328,8
3329,9
3330,11
3331,2
3332,18
3333,48
3334,5
3335,18
3336,44
3337,20
3338,11
3339,27
3340,6
3341,15
3342,12
3343,8
3344,2
3345,5
3346,22
3347,16
3348,28
3349,44
3350,48
3351,32
3352,17
3353,71
3354,5
3355,5
3356,13
3357,2
3358,16
3359,22
3360,38
3361,49
3362,35
3363,55
3364,35
3365,9
3366,44
3367,7
3368,110
3369,29
3370,30
3371,2
3372,28
3373,18
3374,14
3375,11
3376,21
3377,18
3378,15
3379,5
3380,6
3381,37
3382,18
3383,3
3384,9
3385,25
3386,46
3387,9
3388,17
3389,15
3390,12
3391,41
3392,6
3393,6
3394,26
3395,9
3396,14
3397,23
3398,31
3399,17
3400,6
3401,32
3402,13
3403,6
3404,14
3405,20
3406,24
3407,25
3408,8
3409,7
3410,10
3411,20
3412,10
3413,13
3414,25
3415,4
3416,3
3417,5
3418,9
3419,19
3420,4
3421,13
3422,9
3423,31
3424,34
3425,6
3426,50
3427,10
3428,65
3429,28
3430,8
3431,23
3432,5
3433,30
3434,32
3435,17
3436,23
3437,59
3438,24
3439,8
3440,29
3441,11
3442,13
3443,24
3444,10
3445,32
3446,38
3447,34
3448,18
3449,27
3450,25
3451,45
3452,28
3453,5
3454,22
3455,11
3456,27
3457,20
3458,15
3459,26
3460,14
3461,9
3462,15
3463,17
3464,21
3465,64
3466,22
3467,58
3468,25
3469,58
3470,81
3471,9
3472,23
3473,22
3474,71
3475,7
3476,18
3477,11
3478,13
3479,14
3480,44
3481,78
3482,3
3483,19
3484,8
3485,89
3486,9
3487,8
3488,10
3489,14
3490,29
3491,19
3492,22
