,polarity of section 1,subjectivity of section 1
0,0.0,0.0
1,0.1,0.75
2,0.05,0.5
3,-0.371875,0.575
4,0.0,0.75
5,-0.05000000000000001,0.4125
6,0.0,0.0
7,0.3333333333333333,0.38888888888888884
8,0.005208333333333329,0.27604166666666663
9,0.12916666666666665,0.35694444444444445
10,0.0,0.0
11,0.43333333333333335,0.65
12,-0.1,0.5
13,0.0,0.0
14,0.0,0.1
15,-0.12916666666666668,0.5
16,-0.3333333333333333,0.6666666666666666
17,0.0,0.0
18,-0.2,0.0
19,-0.15,0.4
20,-0.10416666666666667,0.5416666666666666
21,0.0,0.8333333333333334
22,-0.15833333333333335,0.3333333333333333
23,0.0,0.0
24,0.7,0.8
25,0.0,0.0
26,0.3683333333333333,0.7566666666666666
27,0.2,0.2
28,-0.3375,0.5875
29,0.3666666666666667,0.7000000000000001
30,0.0,0.0
31,-0.1261904761904762,0.16190476190476188
32,0.09285714285714285,0.7678571428571428
33,0.10000000000000002,0.5333333333333333
34,0.22499999999999998,0.42500000000000004
35,0.0375,0.6
36,0.29097222222222224,0.638888888888889
37,0.0,0.0
38,0.5,0.5
39,-0.2916666666666667,0.675
40,0.3,0.5
41,0.0,0.0
42,0.15357142857142858,0.4857142857142857
43,0.04500000000000001,0.28500000000000003
44,0.3805555555555556,0.25277777777777777
45,0.1,1.0
46,0.12083333333333333,0.45833333333333337
47,-0.125,0.125
48,0.0,0.0
49,0.16666666666666666,0.3333333333333333
50,0.0,0.0
51,-0.03125,0.09375
52,0.13333333333333333,0.5333333333333333
53,0.05,0.6
54,0.0,1.0
55,0.2,0.2
56,-0.07333333333333333,0.54
57,0.29236111111111107,0.49722222222222223
58,0.12499999999999999,0.4847222222222222
59,-0.5,0.7
60,0.0,0.0
61,-0.4,0.6
62,0.0,0.0
63,-0.4,0.6
64,-0.1,0.2
65,-0.1,0.2
66,0.0,0.0
67,-0.24375000000000002,0.65
68,0.3,0.45
69,0.0,0.0
70,-0.5,0.7
71,0.0,0.3
72,-0.06000000000000001,0.34
73,-0.25,0.5
74,-0.075,0.625
75,0.0,0.4
76,-0.25,0.25
77,0.10000000000000002,0.2333333333333333
78,0.0,0.0
79,-0.2142857142857143,0.26785714285714285
80,-0.05625,0.225
81,-0.1,0.55
82,0.08333333333333334,0.21666666666666667
83,-0.21666666666666667,0.21666666666666667
84,-0.2777777777777778,0.34444444444444444
85,0.4333333333333333,0.7333333333333333
86,0.5,0.8888888888888888
87,0.0,0.0
88,0.20833333333333334,0.5083333333333333
89,0.0066666666666666706,0.41142857142857137
90,0.16818181818181818,0.35
91,-0.23750000000000002,0.5625
92,0.0,0.375
93,-0.06666666666666665,0.6958333333333333
94,-0.1875,0.5
95,-0.0625,0.4375
96,0.15,0.6865079365079365
97,-0.19345238095238096,0.47602040816326535
98,0.44999999999999996,0.8
99,0.4125,0.6708333333333334
100,0.028571428571428564,0.6452380952380952
101,0.0,0.25
102,0.12000000000000002,0.4699999999999999
103,0.1,0.4
104,0.09999999999999998,0.45111111111111113
105,0.18666666666666665,0.78
106,0.51875,0.9375
107,0.06818181818181818,0.4
108,0.175,0.325
109,0.21749999999999997,0.63
110,0.0,0.0
111,0.0,0.0
112,-0.006746031746031762,0.5865079365079365
113,-0.05,0.4
114,0.0,1.0
115,0.0,0.0
116,0.5,0.5
117,0.0,0.0
118,0.0,0.0
119,0.0,0.0
120,0.0,0.0
121,0.0,0.0
122,0.0,0.0
123,-0.4,0.7
124,0.09999999999999998,0.7
125,0.0,0.0
126,0.0,0.0
127,0.0,0.0
128,0.05,0.1
129,0.1,0.3
130,0.0,0.0
131,0.0,0.0
132,-0.4,0.7
133,0.0,0.0
134,0.0,0.0
135,0.0,0.0
136,0.0,0.0
137,0.16666666666666666,0.5
138,0.0,0.0
139,0.0,0.0
140,0.0,0.0
141,0.0,0.0
142,0.1,0.2
143,0.0,0.25
144,0.0,0.0
145,0.0,0.0
146,0.0,0.0
147,0.0,0.0
148,0.5,1.0
149,0.053125,0.528125
150,0.25854700854700857,0.5677350427350427
151,0.0,0.0
152,0.0,0.0
153,0.0,0.0
154,0.0,0.0
155,0.15,0.65
156,0.0,0.0
157,0.0,0.0
158,0.0,0.0
159,0.0,0.06666666666666667
160,0.0,0.0
161,0.0,0.0
162,0.7,0.2
163,0.0,0.0
164,0.0,0.0
165,-0.25,0.6875
166,-0.15,0.375
167,0.0,0.0
168,0.0,0.0
169,0.0,0.05
170,0.0,0.0
171,0.0,0.0
172,0.5,0.5
173,0.5,0.5
174,0.0,0.0
175,0.0,0.0
176,-0.07083333333333335,0.3583333333333333
177,0.2025,0.44999999999999996
178,0.06666666666666667,0.21666666666666667
179,0.0,0.0
180,-0.25,0.55
181,0.08749999999999998,0.7166666666666667
182,-0.4,0.7
183,0.5,0.5
184,0.175,0.325
185,0.0,0.0
186,0.0,0.0
187,-0.09027777777777779,0.20694444444444446
188,-0.475,0.8
189,0.0,0.0
190,0.0,0.0
191,-0.15555555555555559,0.2888888888888889
192,-0.2916666666666667,0.5416666666666666
193,-0.2,0.0
194,0.0,0.0
195,0.25,0.3333333333333333
196,0.0,0.0
197,0.1,0.2
198,0.5,0.5
199,0.30000000000000004,0.475
200,0.6,1.0
201,0.0,0.0
202,0.0,0.0
203,-0.04250000000000001,0.5975
204,0.24444444444444446,0.47222222222222227
205,-0.4,0.7
206,-0.09722222222222221,0.26944444444444443
207,0.0,0.0
208,0.05833333333333333,0.3875
209,0.0625,0.3125
210,-0.4,0.7
211,0.18166666666666667,0.4772222222222222
212,0.0,0.0
213,0.0,0.5
214,0.0,0.0
215,-0.7185185185185187,0.762962962962963
216,0.0,0.0
217,0.0,0.0
218,0.05416666666666666,0.3833333333333333
219,0.085,0.43916666666666665
220,0.05,0.15
221,0.0,0.0
222,0.0,0.0
223,0.3,0.1
224,0.0,0.0
225,0.0,0.05
226,0.0,0.0
227,0.0,0.03333333333333333
228,-0.15555555555555559,0.2888888888888889
229,0.26111111111111107,0.4847222222222222
230,0.0,0.0
231,0.0,0.0
232,0.3333333333333333,0.5
233,0.2,0.3
234,0.05,0.35
235,0.15000000000000002,0.30000000000000004
236,0.0,0.0
237,0.0,0.0
238,0.26,0.26
239,0.6,0.9
240,0.0,0.0
241,0.78,1.0
242,0.31666666666666665,0.3
243,0.0,0.0
244,-0.5,1.0
245,0.0,0.0
246,-0.45,0.85
247,0.03125,0.56875
248,-0.1,0.175
249,0.525,0.5
250,0.024999999999999994,0.31666666666666665
251,0.1,0.4
252,0.0,0.0
253,-0.5,1.0
254,0.1,0.65
255,-0.1,0.5
256,0.2744047619047619,0.5613095238095238
257,0.02351190476190475,0.6928571428571427
258,0.16,0.45999999999999996
259,0.0062500000000000056,0.7
260,0.05,0.1
261,0.19642857142857142,0.43452380952380953
262,-0.05,0.4
263,0.0,0.0
264,0.0,0.0
265,0.3333333333333333,0.5
266,0.0,0.0
267,-0.1277777777777778,0.6444444444444445
268,-0.0035714285714286143,0.513095238095238
269,0.11666666666666668,0.4833333333333334
270,0.0,0.0
271,0.0,0.0
272,-0.025,0.2
273,0.25,0.3333333333333333
274,0.0,0.0
275,0.0,0.0
276,0.14250000000000002,0.55
277,0.8,0.75
278,-0.09999999999999998,0.6416666666666666
279,0.6,1.0
280,-0.09375,0.23125
281,0.0,0.0
282,0.0,0.0
283,-0.024999999999999994,0.4
284,0.0,0.0
285,0.37142857142857144,0.5589285714285714
286,0.8,0.55
287,0.0,0.0
288,0.0,0.0
289,0.0,0.3
290,0.0,0.0
291,0.016666666666666663,0.5583333333333333
292,0.06666666666666667,0.7666666666666666
293,-0.1875,0.2767857142857143
294,-0.4,0.7
295,0.0,0.0
296,-0.08249999999999999,0.375
297,-0.1,0.4541666666666666
298,-0.15000000000000002,0.3
299,0.6,0.2
300,0.15625,0.5
301,0.09999999999999998,0.6
302,-0.45,0.65
303,0.0,0.0
304,-0.33333333333333326,0.4222222222222222
305,-0.09722222222222222,0.5833333333333334
306,0.0,0.0
307,0.0,0.0
308,0.07500000000000001,0.35000000000000003
309,0.0,0.0
310,0.09999999999999999,0.19999999999999998
311,-0.0011904761904761943,0.37023809523809526
312,0.525,0.5416666666666666
313,0.0,0.1
314,0.0,0.0
315,0.125,0.625
316,0.12291666666666665,0.5791666666666667
317,0.05,0.6
318,0.06818181818181818,0.22727272727272727
319,-0.8,0.9
320,-0.21875,0.5
321,-0.5,0.9
322,0.0,0.0
323,0.1638095238095238,0.5404761904761904
324,0.5,0.5
325,0.0,0.0
326,0.0,0.0
327,0.15,0.725
328,0.037053571428571415,0.32857142857142857
329,-0.028124999999999997,0.253125
330,0.35,0.55
331,0.2,0.4
332,0.05000000000000001,0.2833333333333334
333,-0.1875,0.5
334,0.0,0.0
335,0.16666666666666666,0.25
336,0.6416666666666666,0.7166666666666667
337,0.0,0.0
338,-0.008333333333333331,0.2916666666666667
339,0.0,0.0
340,-0.09305555555555556,0.28055555555555556
341,-0.025,0.35
342,-0.11851851851851854,0.12962962962962965
343,0.0,0.0
344,0.021428571428571422,0.15892857142857142
345,-0.03321428571428572,0.2985714285714286
346,0.0,0.0
347,0.024999999999999994,0.6625
348,-0.13333333333333333,0.2333333333333333
349,-0.025,0.35
350,0.0,0.0
351,0.0,0.06666666666666667
352,0.0,0.0
353,0.26666666666666666,0.5333333333333333
354,-0.10625,0.3125
355,0.19999999999999998,0.43333333333333335
356,-0.125,0.4375
357,0.0,0.0
358,0.6,0.9
359,0.0,0.3333333333333333
360,0.20000000000000004,0.45
361,0.0,0.43333333333333335
362,0.10714285714285714,0.2642857142857143
363,0.0,0.0
364,0.0,0.25
365,0.0,0.3333333333333333
366,0.0,0.0
367,0.0,0.5
368,0.45714285714285713,0.5857142857142857
369,0.16457142857142856,0.41257142857142853
370,0.21666666666666667,0.4166666666666667
371,0.0,0.0
372,0.0,0.0
373,-0.125,0.175
374,0.0,0.5
375,0.43333333333333335,0.8333333333333334
376,0.06166666666666667,0.6116666666666667
377,0.0,0.0
378,0.0,0.0
379,0.10833333333333334,0.36666666666666664
380,0.0,0.0
381,0.0,0.0
382,-0.4,0.8500000000000001
383,0.0,0.0
384,-0.05714285714285716,0.5678571428571428
385,-0.029166666666666643,0.5404761904761904
386,0.05,0.1
387,0.0,0.0
388,0.0,0.0
389,0.0,0.0
390,-0.15555555555555559,0.2888888888888889
391,0.0,0.0
392,0.0,0.0
393,0.0,0.0
394,0.0,0.0
395,-0.09375,0.375
396,0.0,0.0
397,0.0,0.0
398,-0.16250000000000003,0.3875
399,-0.1,1.0
400,-0.03476190476190476,0.37999999999999995
401,0.0,0.0
402,0.0,0.0
403,0.24083333333333332,0.42666666666666675
404,0.25,0.3333333333333333
405,0.7,0.2
406,0.0,0.0
407,-0.065,0.825
408,0.0,0.0
409,0.25,0.8
410,0.0,0.0
411,-0.8,0.9
412,0.0,0.0
413,0.0,1.0
414,0.0,0.0
415,0.0,0.0
416,0.0,0.0
417,0.0,0.0
418,-0.1,0.05
419,0.0,0.0
420,0.0,0.0
421,0.0,0.0
422,-0.1,0.05
423,0.1,0.2
424,0.0,0.0
425,0.3,0.5333333333333333
426,0.0,0.6875
427,0.5,0.5
428,0.1,0.3
429,0.0,1.0
430,0.3,0.9
431,0.03333333333333333,0.11666666666666665
432,0.33,0.7
433,0.0,0.0
434,-0.025,0.25
435,0.0,0.0
436,-0.2916666666666667,0.5
437,-0.25,0.5499999999999999
438,-0.15714285714285714,0.5
439,0.0,0.0
440,0.009285714285714286,0.19752747252747255
441,0.2,0.4770833333333333
442,-0.03125,0.47500000000000003
443,0.19999999999999998,0.6333333333333333
444,0.0,0.0
445,0.0,0.25
446,0.0,0.0
447,-0.1625,0.51
448,0.0,0.0
449,0.0,0.0
450,0.0,0.0
451,0.0,0.0
452,0.0,0.0
453,0.0,0.0
454,-0.025,0.2
455,0.1,0.4
456,0.0,0.0
457,0.0,0.0
458,0.0,0.0
459,0.0,0.0
460,0.0,0.1
461,0.5,0.5
462,0.1,0.4
463,0.0,0.0
464,-0.6,0.4
465,0.0,0.0
466,-0.0018518518518518823,0.601851851851852
467,0.0,0.1
468,0.038888888888888896,0.3222222222222222
469,0.0,0.0
470,0.0,0.0
471,0.0,0.0
472,0.4681818181818182,0.7
473,0.5,0.5
474,0.27187500000000003,0.44999999999999996
475,0.44999999999999996,0.6375
476,-0.02891156462585034,0.48690476190476195
477,0.175,0.8944444444444444
478,0.0,0.0
479,0.20000000000000004,0.42962962962962964
480,-0.009999999999999998,0.21500000000000002
481,0.0,0.0
482,0.0,1.0
483,-0.16666666666666666,0.5
484,0.0,0.0
485,-0.07777777777777779,0.14444444444444446
486,0.0,0.0
487,0.0,0.0
488,0.0,0.0
489,0.04999999999999999,0.21666666666666667
490,0.04999999999999999,0.6
491,0.0,0.0
492,0.0,0.0
493,0.0,0.0
494,0.0,0.0
495,0.0,0.0
496,0.0,0.0
497,0.1,0.9
498,0.0,0.0
499,0.0,0.0
500,0.1438095238095238,0.2571428571428572
501,0.0,0.19444444444444442
502,0.00888888888888889,0.3244444444444445
503,0.2,0.3
504,0.11666666666666665,0.38333333333333336
505,0.0,0.0
506,0.0,0.0
507,0.09166666666666667,0.725
508,0.4,0.8
509,0.3333333333333333,0.8333333333333334
510,-0.3,0.4
511,0.0,0.0
512,0.0,0.0
513,0.0,0.0
514,0.3,0.1
515,0.0,0.0
516,0.5,0.5
517,0.0,0.0
518,0.0,0.0
519,0.3181818181818182,0.7272727272727273
520,0.06666666666666667,0.3333333333333333
521,0.0,0.95
522,-0.3666666666666667,0.5
523,0.2,0.2
524,0.13636363636363635,0.5
525,0.0,0.0
526,0.0,0.0
527,0.2,0.75
528,0.3666666666666667,0.5083333333333333
529,0.0,0.0
530,0.0,0.0
531,-0.2,0.1
532,0.1,0.2
533,0.7,0.7
534,0.07013888888888888,0.4069444444444445
535,-0.17857142857142858,0.2857142857142857
536,0.13,0.45499999999999996
537,0.125,0.75
538,-0.6,0.4
539,-0.5,0.9
540,0.75,0.445
541,0.1775,0.48
542,-0.018518518518518528,0.1962962962962963
543,0.35833333333333334,0.5666666666666667
544,0.35000000000000003,0.39999999999999997
545,0.13333333333333333,0.31666666666666665
546,-0.02777777777777779,0.24444444444444446
547,0.25,0.5
548,-0.15555555555555559,0.2888888888888889
549,0.0,0.0
550,0.0,0.1
551,0.0,0.0
552,1.0,1.0
553,0.1,0.4
554,-0.1,1.0
555,-0.06666666666666665,0.6
556,0.0,0.0
557,0.0,0.0
558,0.3,0.5
559,0.28125,0.4666666666666667
560,0.0,0.0
561,0.0,0.0
562,-0.1722222222222222,0.7999999999999999
563,0.05000000000000001,0.2923076923076923
564,0.0,0.1
565,0.0,0.0
566,0.13636363636363635,0.45454545454545453
567,-0.20500000000000002,0.24
568,0.07708333333333334,0.29375
569,0.19999999999999998,0.30833333333333335
570,-0.0625,0.4875
571,0.0,0.0
572,0.6,0.35
573,0.5,0.5
574,0.0,0.0
575,0.4333333333333333,0.7333333333333333
576,0.85,0.55
577,-0.10833333333333334,0.2833333333333333
578,0.4333333333333333,0.7333333333333333
579,0.4333333333333333,0.7333333333333333
580,-0.008333333333333338,0.19583333333333333
581,0.15833333333333333,0.4166666666666667
582,-0.11166666666666669,0.23166666666666663
583,-0.6999999999999998,0.6666666666666666
584,0.0,0.0
585,0.0,0.0
586,0.0,0.0
587,0.7,0.2
588,0.21428571428571427,0.5714285714285714
589,0.0,0.0
590,-1.0,1.0
591,0.0,0.0
592,0.0,0.0
593,0.0,0.0
594,0.0,0.0
595,0.0,0.0
596,0.13333333333333333,0.48333333333333334
597,-0.4,0.8500000000000001
598,0.0,0.0
599,0.0,0.0
600,0.8,1.0
601,0.8,1.0
602,0.0,0.05
603,0.0,0.0
604,0.0,0.0
605,0.0,0.0
606,-0.10000000000000002,0.35
607,-0.171875,0.3333333333333333
608,0.07500000000000001,0.55
609,0.0,0.0
610,0.0,0.0
611,0.375,0.75
612,0.0,0.0
613,0.0,0.0
614,-0.29375,0.675
615,-0.07692307692307693,0.15384615384615385
616,0.0,0.0
617,0.0,0.0
618,0.0,0.3333333333333333
619,0.0,0.0
620,0.0,0.0
621,0.0,0.0
622,-0.059375000000000004,0.29791666666666666
623,0.24444444444444446,0.6333333333333333
624,0.0,0.0
625,-0.05,0.5
626,-0.30000000000000004,0.39999999999999997
627,-0.07187500000000001,0.36250000000000004
628,0.0,0.0
629,-0.0142857142857143,0.46904761904761905
630,0.15,0.6833333333333333
631,0.0,0.0
632,0.2,0.8
633,0.0,0.0
634,0.7,0.2
635,0.5,0.8888888888888888
636,0.0,0.0
637,-0.4,0.7
638,0.0,0.0
639,-0.1,0.55
640,0.125,0.16666666666666666
641,0.2,0.5
642,1.0,1.0
643,-0.25,0.5
644,-0.25,0.25
645,0.0,0.0
646,0.0,0.0
647,-0.25,0.25
648,0.0,0.0
649,0.0,0.0
650,0.0,0.0
651,0.1,0.35
652,-0.19583333333333333,0.6333333333333333
653,-0.1763888888888889,0.4222222222222222
654,-0.21875,0.45
655,0.0,0.0
656,-0.3458333333333333,0.6208333333333333
657,0.0,0.0
658,0.0,1.0
659,0.20000000000000004,0.45
660,0.43333333333333335,0.8333333333333334
661,0.16666666666666666,0.6666666666666666
662,-0.075,0.725
663,-0.25625,0.34375
664,0.13333333333333333,0.45
665,0.0,0.0
666,0.024999999999999994,0.375
667,0.4,0.8
668,0.025000000000000005,0.3416666666666666
669,0.42500000000000004,0.4625
670,0.16666666666666666,0.75
671,0.0,0.0
672,0.0,0.0
673,0.0,0.0
674,0.0,0.0
675,0.01499999999999999,0.495
676,-0.15,0.5333333333333333
677,0.22187500000000002,0.4486111111111111
678,0.16666666666666666,0.45555555555555555
679,0.024404761904761905,0.5535714285714286
680,0.0,0.0
681,0.18611111111111112,0.6055555555555555
682,-0.041666666666666664,0.325
683,-0.1,0.05
684,-0.024999999999999994,0.35625
685,0.14285714285714285,0.26785714285714285
686,0.13636363636363635,0.45454545454545453
687,-0.1875,0.5
688,0.0,0.0
689,0.22599999999999998,0.52
690,-0.03523809523809524,0.5511904761904762
691,0.0,0.0
692,0.0,0.0
693,0.0,0.0
694,-0.3,0.5666666666666667
695,-0.375,0.485
696,0.01590909090909091,0.4042207792207792
697,0.0,0.5
698,-0.5,0.875
699,0.0,0.0
700,-0.2833333333333333,0.425
701,0.0,0.0
702,0.0,0.5
703,0.0,0.0
704,0.0,0.0
705,0.0,0.0
706,0.0,0.1
707,0.0,0.3
708,-0.4,0.6
709,0.0,0.3
710,0.0,0.0
711,0.0,0.0
712,0.0,0.0
713,0.0,0.0
714,0.0,0.0
715,0.0,0.0
716,-0.4,0.8500000000000001
717,-0.39000000000000007,0.52
718,-0.125,0.375
719,0.0125,0.25
720,-0.03333333333333333,0.5333333333333333
721,0.1361111111111111,0.24722222222222223
722,0.175,0.275
723,0.0,0.0
724,0.0,0.0
725,-0.125,0.25
726,0.0,0.0
727,0.0,0.0
728,0.0,0.0
729,0.0,0.25
730,0.1,0.8
731,0.0,0.0
732,0.0,0.0
733,0.0,0.0
734,0.0,0.0
735,0.08124999999999999,0.575
736,0.0,0.0
737,0.0,0.0
738,0.3,0.35
739,0.21428571428571427,0.5714285714285714
740,-0.9,0.7
741,0.25,0.3333333333333333
742,0.01,0.31333333333333335
743,0.5,0.5
744,0.0,0.0
745,0.0,0.0
746,0.0,0.0
747,0.0,0.0
748,-0.024999999999999994,0.225
749,0.1,0.4
750,0.05476190476190476,0.2755952380952381
751,0.0,0.0
752,0.1,0.4
753,-0.07777777777777779,0.6444444444444445
754,0.5,1.0
755,0.0375,0.3333333333333333
756,0.0,0.15000000000000002
757,-0.2,0.6
758,0.13714285714285718,0.4914285714285714
759,-0.2,0.1
760,-0.11435185185185186,0.29629629629629634
761,-0.25,0.3916666666666666
762,0.2621212121212121,0.5
763,-0.07777777777777779,0.14444444444444446
764,0.11647727272727271,0.3778409090909091
765,0.0,0.0
766,-0.4,0.8500000000000001
767,-0.15555555555555559,0.2888888888888889
768,0.4000000000000001,0.9
769,0.0,0.0
770,0.0,1.0
771,0.2,0.65
772,0.0,0.0
773,0.0,0.0
774,0.0,0.0
775,0.0,0.0
776,0.0,0.0
777,0.0,1.0
778,-0.2861111111111111,0.5027777777777778
779,0.0,0.0
780,-0.1,0.55
781,-0.125,0.375
782,-0.15,0.4
783,0.0,0.0
784,0.0,0.0
785,0.0,0.3333333333333333
786,0.0,0.0
787,-0.5,0.9
788,0.0,0.0
789,0.12833333333333333,0.68
790,0.0,0.0
791,-0.14166666666666666,0.3333333333333333
792,0.0,0.0
793,0.0,0.5
794,0.0,0.0
795,0.7,0.6000000000000001
796,0.0,0.0
797,-0.2916666666666667,0.5416666666666666
798,0.0,0.0
799,-0.13,0.3
800,0.0,0.0
801,0.0,0.0
802,-0.15555555555555559,0.2888888888888889
803,0.125,0.5625
804,0.6,0.2
805,0.0,0.0
806,-0.08333333333333333,0.34
807,-0.125,0.225
808,0.0,0.0
809,0.0,0.0
810,0.0,0.0
811,0.0,0.0
812,0.0,0.0
813,-0.025,0.125
814,0.0,0.0
815,0.0,0.0
816,0.0,0.0
817,0.0,0.0
818,0.05,1.0
819,0.125,0.425
820,0.0,0.0
821,0.0,0.0
822,0.0,0.0
823,0.0,0.0
824,0.0,0.0
825,-0.025,0.45
826,0.0,0.0
827,-0.5,1.0
828,0.0,0.0
829,-0.10000000000000002,0.15
830,0.0,0.0
831,0.0,0.0
832,0.0,0.0
833,0.0,0.0
834,0.0,0.0
835,0.1,0.2
836,0.0,0.0
837,0.0,0.0
838,0.0,0.0
839,-0.15,0.4
840,-0.4,0.4
841,-0.5,0.4
842,0.0,0.0
843,0.09999999999999998,0.65
844,0.0,0.0
845,0.2333333333333333,0.6333333333333333
846,0.0,0.0
847,0.13,1.0
848,0.0,0.0
849,0.0,0.0
850,0.0,0.0
851,-0.1875,0.5
852,-0.11388888888888889,0.6472222222222221
853,0.0,1.0
854,0.0,0.0
855,0.0,0.0
856,0.0,0.0
857,0.0,0.0
858,-0.30000000000000004,0.39999999999999997
859,0.7,0.2
860,0.0,0.35714285714285715
861,0.1,0.45
862,0.0,0.0
863,0.0,0.0
864,-0.25,0.25
865,0.05,0.15
866,0.0,0.0
867,0.0,0.0
868,0.20000000000000004,0.95
869,0.0,0.0
870,0.25,0.3333333333333333
871,0.0,0.0
872,0.0,0.0
873,0.0,0.0
874,0.0,0.0
875,-0.049999999999999996,0.3666666666666667
876,0.15000000000000002,0.5
877,0.25,0.3
878,0.0,0.0
879,0.0,0.0
880,0.0,0.0
881,0.0,0.0
882,0.0,0.0
883,-0.65,0.55
884,0.0,0.0
885,0.00208333333333334,0.66875
886,0.2857142857142857,0.5357142857142857
887,0.0,0.0
888,-0.08,0.64
889,0.0,0.0
890,0.0,0.0
891,-0.4,0.4
892,0.0,0.0
893,0.0,0.5
894,0.0,0.0
895,0.0,0.0
896,0.0,0.0
897,0.13636363636363635,0.5
898,-0.07777777777777779,0.14444444444444446
899,-0.15555555555555559,0.2888888888888889
900,0.0,0.0
901,-0.4,0.4
902,-0.4,0.7
903,0.0,0.0
904,0.0,0.1
905,0.0,0.1
906,0.0,0.13
907,0.1,0.35
908,0.16666666666666666,0.3333333333333333
909,-0.4,0.6
910,0.0,0.0
911,0.0,0.0
912,-0.2916666666666667,0.5416666666666666
913,0.0,0.0
914,0.0,0.0
915,0.0,0.0
916,0.0,0.0
917,0.0,0.0
918,0.0,0.0
919,0.0,0.0
920,-0.05,0.4
921,0.0,0.0
922,-0.05,0.4
923,-0.05,0.4
924,0.26,0.52
925,0.0,0.0
926,0.0,0.0
927,0.0,0.5
928,-0.8,1.0
929,0.6,1.0
930,0.3,0.65
931,0.35,0.65
932,0.29000000000000004,0.63
933,0.05,0.1
934,0.23333333333333336,0.3
935,-0.03101851851851853,0.37407407407407406
936,0.0,0.0
937,-0.025,0.2
938,-0.07692307692307693,0.2692307692307692
939,-0.07777777777777779,0.3111111111111111
940,0.3333333333333333,0.6666666666666666
941,0.0,0.0
942,0.0,0.0
943,0.0,0.0
944,0.042499999999999996,0.32
945,-0.13333333333333333,0.4666666666666666
946,0.14763888888888888,0.47
947,0.08333333333333333,0.10555555555555556
948,0.0,0.0
949,0.0,0.03333333333333333
950,-0.125,0.2
951,0.5,0.5
952,0.0,0.0
953,0.08333333333333333,0.06666666666666667
954,-0.05,0.15
955,0.1,0.35
956,0.24739583333333331,0.5291666666666667
957,0.11607142857142858,0.16964285714285715
958,-0.005142857142857138,0.5803809523809523
959,0.06818181818181818,0.5
960,0.16666666666666666,0.2638888888888889
961,0.1875,0.4583333333333333
962,0.0,0.0
963,0.0,0.0
964,0.2,0.2
965,0.0,0.0
966,0.0,0.0
967,0.0,0.0
968,0.0,0.0
969,0.16666666666666666,0.8333333333333334
970,0.0,0.0
971,-0.15555555555555559,0.2888888888888889
972,0.0062500000000000056,0.4
973,0.25,0.25
974,0.0,0.0
975,0.26666666666666666,0.7666666666666666
976,-0.15555555555555559,0.2888888888888889
977,0.0,0.1
978,0.0,0.0
979,0.0,0.0
980,0.15,0.20000000000000004
981,0.0,0.0
982,0.040624999999999994,0.2875
983,0.0,0.0
984,0.0,0.0
985,-0.15625,0.40625
986,-0.05,0.4
987,0.0,0.0
988,0.0,0.0
989,0.0,0.0
990,0.0,0.0
991,-0.3125,0.6875
992,0.0,0.0
993,-0.1,0.2
994,0.05,0.1625
995,0.0,0.0
996,0.5,0.8888888888888888
997,0.0,0.0
998,0.0,0.0
999,0.0,0.0
1000,0.6499999999999999,0.85
1001,0.0,0.0
1002,-0.3,0.6
1003,-0.4,0.7
1004,0.0,0.0
1005,-0.125,0.125
1006,0.0,0.0
1007,0.0,0.0
1008,0.0,0.0
1009,0.0,0.0
1010,0.0,0.0
1011,0.0,0.0
1012,0.0,0.0
1013,0.0,0.0
1014,0.0,0.0
1015,0.0,0.0
1016,0.0,0.0
1017,0.0,0.0
1018,0.0,0.0
1019,0.375,0.75
1020,0.0,0.0
1021,-0.065,0.52
1022,0.05,0.5
1023,0.2,0.2
1024,-0.16666666666666666,0.43333333333333335
1025,0.0,0.0
1026,-0.25,0.4
1027,0.0,0.0
1028,0.0,0.0
1029,0.0,0.0
1030,0.1,1.0
1031,-0.075,0.25
1032,0.1708333333333333,0.31527777777777777
1033,0.004999999999999993,0.54
1034,0.16666666666666666,0.3333333333333333
1035,0.08333333333333334,0.4833333333333333
1036,0.5249999999999999,0.375
1037,0.0875,0.4875
1038,0.26666666666666666,0.39999999999999997
1039,0.25,0.3333333333333333
1040,0.0,0.0
1041,-0.1361904761904762,0.4671428571428572
1042,-0.05,0.4
1043,0.0,0.0
1044,-0.15555555555555559,0.2888888888888889
1045,0.0,0.0
1046,0.22500000000000003,0.38125
1047,-0.15555555555555559,0.2888888888888889
1048,0.25,0.3333333333333333
1049,0.0,0.0
1050,-0.3,0.6
1051,0.05,0.15
1052,0.06888888888888889,0.5092063492063492
1053,0.0,0.0
1054,0.0,0.0
1055,0.0,0.0
1056,0.0,0.0
1057,0.0,0.0
1058,0.1,0.2
1059,-0.1875,0.5
1060,0.0,0.0
1061,0.5,0.5
1062,0.5,0.8888888888888888
1063,0.2857142857142857,0.5357142857142857
1064,0.0,0.0
1065,-0.2,0.9
1066,-0.5,0.875
1067,-0.3,0.6
1068,0.0,0.0
1069,0.0,0.0
1070,0.0,0.0
1071,0.0,0.0
1072,0.04338624338624337,0.27486772486772487
1073,0.0,0.0
1074,0.0,0.0
1075,0.0,0.3
1076,-0.105,0.09
1077,0.019791666666666666,0.39479166666666665
1078,-0.25,0.4
1079,0.011904761904761899,0.3452380952380953
1080,0.046666666666666655,0.29000000000000004
1081,0.3,0.9
1082,0.0,0.0
1083,0.0,0.0
1084,0.7,0.2
1085,0.0,0.0
1086,0.0,0.0
1087,0.0,0.0
1088,-0.2,0.9
1089,0.0,0.0
1090,0.5,0.5
1091,0.0,0.0
1092,-0.4,0.7
1093,0.0,0.0
1094,0.125,0.6666666666666666
1095,0.0,0.0
1096,-0.1125,0.325
1097,-0.5,0.9
1098,0.05,0.4
1099,0.0,0.0
1100,0.01888888888888888,0.4177777777777778
1101,-0.175,0.325
1102,0.1,0.2
1103,0.02500000000000001,0.39166666666666666
1104,0.6,1.0
1105,0.0,0.0
1106,0.0,0.0
1107,0.2,0.2
1108,0.0,0.0
1109,0.0,0.0
1110,0.13636363636363635,0.45454545454545453
1111,0.0,0.0
1112,0.0,0.0
1113,0.0,0.0
1114,0.0,0.0
1115,0.0,0.0
1116,-0.3333333333333333,0.6666666666666666
1117,-0.3333333333333333,0.6666666666666666
1118,0.0,0.0
1119,0.0,0.0
1120,0.0,0.0
1121,0.2857142857142857,0.5357142857142857
1122,-0.271875,0.45
1123,0.0,0.0
1124,0.0,0.0
1125,0.0,0.0
1126,0.0,0.0
1127,0.21666666666666667,0.6666666666666667
1128,0.2857142857142857,0.5357142857142857
1129,0.5,0.4
1130,0.08148148148148147,0.42962962962962964
1131,0.03,0.47
1132,0.1,1.0
1133,0.0,0.0
1134,0.0,0.0
1135,0.475,0.4666666666666667
1136,0.056249999999999994,0.7
1137,0.0,0.0
1138,0.0,0.0
1139,0.4875,0.475
1140,0.11363636363636363,0.3227272727272727
1141,0.0,0.0
1142,-0.1875,0.5
1143,0.05,0.30000000000000004
1144,-0.17152777777777778,0.3944444444444445
1145,0.0,0.0
1146,-0.385,0.7
1147,0.15476190476190477,0.6095238095238095
1148,-0.17261904761904762,0.22619047619047616
1149,-0.025,0.05
1150,0.5,0.5
1151,0.0,0.0
1152,0.23714285714285716,0.5323809523809523
1153,-0.19999999999999998,0.6
1154,0.0,0.0
1155,0.25,0.3333333333333333
1156,0.21428571428571427,0.42857142857142855
1157,0.0,0.0
1158,0.0,0.0
1159,0.3,0.9
1160,0.0,0.0
1161,0.0,0.0
1162,0.0,0.0
1163,0.0,0.25
1164,0.0,0.6
1165,0.0,0.0
1166,0.1,0.2
1167,0.0,0.0
1168,0.0,0.0
1169,0.1,0.15
1170,0.0,0.4388888888888889
1171,-0.05952380952380952,0.4642857142857143
1172,0.0,0.03333333333333333
1173,-0.03333333333333333,0.13333333333333333
1174,-0.3333333333333333,0.6666666666666666
1175,0.0,0.0
1176,0.6,0.9
1177,-0.5777777777777778,0.6444444444444445
1178,0.0,1.0
1179,0.0,0.0
1180,0.05,0.5
1181,-0.1,0.4
1182,0.03125,0.20625
1183,0.11666666666666668,0.4333333333333333
1184,0.3888888888888889,0.42777777777777776
1185,0.0,0.0
1186,0.25,0.5
1187,0.25,0.25
1188,0.0,0.0
1189,0.0,0.0
1190,-0.14685714285714288,0.5466428571428571
1191,0.0,0.0
1192,0.32499999999999996,0.65
1193,0.0,0.0
1194,0.25,0.3333333333333333
1195,0.0,0.0
1196,-0.125,0.75
1197,0.0,0.0
1198,0.19666666666666668,0.36000000000000004
1199,0.0,0.0
1200,-0.05,0.4
1201,0.0,0.0
1202,0.0,0.0
1203,0.10972222222222221,0.3944444444444445
1204,0.3,0.9
1205,0.0,0.0
1206,0.0,0.0
1207,0.0,0.0
1208,0.0,0.0
1209,0.0,0.0
1210,0.0,0.0
1211,0.23125,0.43125
1212,-0.16296296296296298,0.3185185185185185
1213,0.0,0.0
1214,0.0,0.0
1215,0.025,0.4
1216,0.13333333333333333,0.5416666666666666
1217,-0.21458333333333335,0.5520833333333333
1218,0.0,0.0
1219,0.15333333333333335,0.6866666666666668
1220,-0.025,0.2
1221,0.0,0.0
1222,0.0,0.0
1223,0.022222222222222216,0.24444444444444446
1224,0.0,0.1
1225,0.025,0.2
1226,0.55,0.95
1227,-0.2,0.5
1228,0.0,0.0
1229,0.04999999999999999,0.95
1230,-0.3,0.4
1231,0.0,0.0
1232,0.03541666666666665,0.31875
1233,0.0,0.0
1234,-0.5,1.0
1235,0.0,0.0
1236,-0.15555555555555559,0.2888888888888889
1237,0.2,0.2
1238,-0.2,0.0
1239,0.0,0.0
1240,0.0,0.0
1241,0.0,0.0
1242,0.0,0.0
1243,0.0,0.0
1244,0.0,0.0
1245,0.26,0.52
1246,0.025,0.4
1247,-0.125,0.75
1248,0.0,0.5
1249,-0.19781746031746036,0.7132936507936507
1250,0.18333333333333335,0.31666666666666665
1251,0.0,0.0
1252,0.5,0.5
1253,-0.1247619047619047,0.5785714285714286
1254,0.0,0.0
1255,0.0,0.0
1256,-0.040624999999999994,0.321875
1257,0.0,1.0
1258,0.0,0.0
1259,0.25,0.8125
1260,0.21666666666666667,0.575
1261,0.14285714285714285,0.31785714285714284
1262,0.4,1.0
1263,0.0,0.0
1264,0.0,0.0
1265,0.0,0.0
1266,-0.029166666666666664,0.3416666666666666
1267,0.0,0.0
1268,-0.325,0.7
1269,-0.125,0.375
1270,-0.1388888888888889,0.41111111111111115
1271,0.0,0.0
1272,0.0,0.0
1273,0.024999999999999994,0.225
1274,0.0,0.0
1275,0.12187500000000001,0.23541666666666666
1276,0.2416666666666667,0.6283333333333333
1277,0.0,0.0
1278,0.1675,0.61
1279,0.21428571428571427,0.42857142857142855
1280,-0.4,0.7
1281,0.04702380952380952,0.3857142857142857
1282,-0.14500000000000002,0.355
1283,0.0,0.0
1284,0.0,0.0
1285,0.0,0.0
1286,-0.2,0.39999999999999997
1287,0.19074074074074074,0.3814814814814815
1288,0.3111111111111111,0.6847222222222222
1289,-0.025000000000000005,0.26944444444444443
1290,-0.228125,0.46875
1291,-0.5,1.0
1292,0.1,1.0
1293,0.0,0.0
1294,0.5,0.5
1295,0.0,0.0
1296,-6.938893903907228e-18,0.26666666666666666
1297,0.45,0.8500000000000001
1298,0.0062500000000000056,0.35
1299,0.21706349206349204,0.4246031746031746
1300,0.2857142857142857,0.5357142857142857
1301,0.31111111111111106,0.6194444444444445
1302,0.0,0.0
1303,0.7,0.2
1304,-0.01666666666666668,0.5416666666666666
1305,-0.08333333333333333,0.125
1306,0.0,0.0
1307,0.0,0.0
1308,0.3208333333333333,0.5166666666666666
1309,0.4,0.9
1310,0.0,0.0
1311,-0.051851851851851864,0.42962962962962964
1312,-0.04999999999999999,0.7
1313,0.4,0.7
1314,0.14666666666666667,0.4
1315,0.19166666666666665,0.33333333333333337
1316,0.0,0.3
1317,-0.10932539682539684,0.449920634920635
1318,-0.07182539682539682,0.2665873015873016
1319,-0.5,0.5
1320,0.0,0.0
1321,-0.25,0.4
1322,0.23169642857142858,0.5249999999999999
1323,0.0,0.0
1324,-0.0076388888888888895,0.25972222222222224
1325,-0.0062500000000000056,0.49375
1326,0.25,0.42500000000000004
1327,0.04583333333333334,0.5833333333333334
1328,0.15486111111111112,0.5409722222222222
1329,0.0,0.0
1330,0.45,0.65
1331,0.0,0.0
1332,-0.09107142857142858,0.6095238095238095
1333,0.2020833333333333,0.4749999999999999
1334,0.0,0.0
1335,-0.25,0.7999999999999999
1336,-0.3,0.4
1337,0.2,0.30000000000000004
1338,0.0,0.0
1339,-0.053571428571428575,0.4839285714285715
1340,-0.00846560846560849,0.3711640211640212
1341,0.3,0.1
1342,0.9,0.9
1343,0.0,0.0
1344,0.0,0.0
1345,0.0,0.05
1346,-0.325,0.5
1347,-0.125,0.4
1348,0.0,0.0
1349,0.10714285714285714,0.21428571428571427
1350,0.0,0.0
1351,0.09523809523809523,0.2119047619047619
1352,0.0,0.0
1353,-0.038095238095238106,0.5452380952380952
1354,0.13636363636363635,0.5
1355,0.14285714285714285,0.26785714285714285
1356,0.0,0.0
1357,0.0,0.0
1358,-0.15555555555555559,0.2888888888888889
1359,0.0,0.0
1360,0.0,0.0
1361,0.0,0.125
1362,0.0,0.0
1363,-0.15555555555555559,0.2888888888888889
1364,0.0,0.0
1365,0.0,0.0
1366,0.0,0.0
1367,0.0,0.0
1368,0.0,0.0
1369,0.0,0.0
1370,0.0,0.0
1371,-0.275,0.55
1372,-0.2,0.42500000000000004
1373,0.0,0.0
1374,0.0,0.0
1375,0.14285714285714285,0.26785714285714285
1376,0.0,0.0
1377,0.14285714285714285,0.31785714285714284
1378,0.0,0.0
1379,-0.8,1.0
1380,0.0,0.0
1381,-0.025,0.125
1382,0.09523809523809523,0.24523809523809526
1383,-0.625,1.0
1384,0.2816666666666667,0.4766666666666666
1385,-0.7999999999999999,1.0
1386,0.0,0.0
1387,-0.1875,0.5
1388,0.0,0.0
1389,0.0,0.0
1390,0.0,0.0
1391,0.0,0.0
1392,0.2,0.30000000000000004
1393,0.0,0.0
1394,0.0,0.0
1395,0.0,0.0
1396,0.0,0.0
1397,0.1,0.18333333333333335
1398,0.0,0.0
1399,-0.30000000000000004,0.39999999999999997
1400,0.0,0.0
1401,-0.5,0.5
1402,0.0,0.5
1403,0.0,0.0
1404,0.0,0.0
1405,0.0,0.05
1406,0.20625000000000002,0.50625
1407,-0.25,0.5
1408,0.0,0.0
1409,0.0,0.0
1410,0.0,0.0
1411,-0.6,0.9
1412,0.0,0.0
1413,0.0,0.0
1414,0.0,0.0
1415,0.0,0.0
1416,0.0,0.0
1417,0.0,0.0
1418,0.0,0.0
1419,0.0,0.0
1420,0.0,0.0
1421,0.0,0.0
1422,0.26666666666666666,0.5333333333333333
1423,0.2,0.30000000000000004
1424,0.0,0.0
1425,-0.5,0.7
1426,0.0,0.0
1427,0.2,0.30000000000000004
1428,0.0,0.0
1429,0.0,0.0
1430,0.44999999999999996,0.75
1431,0.0,0.1
1432,0.0,0.0
1433,0.0,0.0
1434,0.0,0.0
1435,0.0,0.1
1436,0.0,0.0
1437,0.1,0.2
1438,-0.7999999999999999,1.0
1439,0.1,0.2
1440,-0.05,0.0
1441,0.25,0.3333333333333333
1442,0.0,0.0
1443,0.0,0.0
1444,0.0,0.0
1445,0.0,0.0
1446,0.0,0.0
1447,0.0,0.25
1448,-0.20083333333333334,0.5083333333333333
1449,0.0,0.0
1450,0.0,0.0
1451,-0.1101851851851852,0.3462962962962963
1452,-0.05555555555555555,0.3444444444444444
1453,0.0,0.0
1454,0.0,0.0
1455,0.0,0.0
1456,0.0,0.5
1457,0.0,0.0
1458,0.0,0.0
1459,-0.125,0.75
1460,-0.1,1.0
1461,0.0,0.0
1462,0.0,0.0
1463,0.0,0.0
1464,0.0,0.0
1465,0.0,0.0
1466,0.0,0.0
1467,0.0,0.0
1468,-0.6,0.9
1469,0.0,0.0
1470,0.0,0.0
1471,0.0,0.0
1472,0.1,0.8
1473,-0.125,0.75
1474,0.14285714285714285,0.26785714285714285
1475,0.0,0.0
1476,0.0,0.0
1477,0.0,0.0
1478,0.0,0.0
1479,0.0,0.0
1480,0.0,0.1
1481,0.0,0.0
1482,-0.15555555555555559,0.2888888888888889
1483,0.13636363636363635,0.45454545454545453
1484,-0.375,0.6666666666666666
1485,0.0,0.0
1486,0.0,0.0
1487,0.2,0.4
1488,0.85,1.0
1489,0.4666666666666666,0.6666666666666666
1490,0.08,0.36
1491,0.5722222222222223,0.7333333333333334
1492,0.1166666666666667,0.7333333333333334
1493,0.85,1.0
1494,0.6,0.8
1495,1.0,0.3
1496,-0.2875,0.5666666666666667
1497,0.0,0.0
1498,-0.7,1.0
1499,-0.2518518518518518,0.362962962962963
1500,0.0,0.0
1501,-0.40499999999999997,0.49
1502,0.0,0.0
1503,0.0,0.315
1504,0.5633333333333334,0.9533333333333333
1505,0.0,0.95
1506,0.5,0.8888888888888888
1507,0.55,0.75
1508,-0.125,0.375
1509,0.0,0.0
1510,-0.2,0.6
1511,0.0,0.0
1512,0.0,0.0
1513,0.0,0.0
1514,0.2,0.4
1515,0.0,0.0
1516,0.32499999999999996,0.7
1517,0.4333333333333333,0.5333333333333333
1518,0.7,0.2
1519,0.0,0.0
1520,-0.0625,0.18333333333333335
1521,0.0,0.0
1522,-0.125,0.125
1523,0.3,0.45
1524,-0.1875,0.3125
1525,0.0,0.0
1526,-0.09664351851851853,0.3962962962962963
1527,0.0,0.0
1528,0.0,0.0
1529,-0.1875,0.5
1530,0.0,0.0
1531,0.14285714285714285,0.26785714285714285
1532,0.2,0.3
1533,0.0,0.0
1534,0.2,0.5
1535,0.16190476190476188,0.7119047619047619
1536,0.2,0.6
1537,0.0,1.0
1538,-0.15,0.5416666666666666
1539,0.0,0.0
1540,-0.4777777777777778,0.5944444444444444
1541,-0.07777777777777779,0.3944444444444445
1542,0.0,0.0
1543,0.0,0.0
1544,0.0,0.0
1545,0.0,0.0
1546,-0.49375,0.75
1547,0.0,0.0
1548,0.0,0.0
1549,0.4333333333333333,0.7333333333333333
1550,-0.1875,0.5
1551,0.25,0.3333333333333333
1552,0.0,0.0
1553,0.0,0.0
1554,0.0,0.0
1555,0.0,0.0
1556,-0.15555555555555559,0.2888888888888889
1557,0.35,0.65
1558,-0.0625,0.3333333333333333
1559,0.0,0.0
1560,0.016666666666666673,0.2333333333333333
1561,0.1962962962962963,0.525925925925926
1562,-0.15555555555555559,0.2888888888888889
1563,0.2,0.8
1564,0.0,0.0
1565,0.0,0.0
1566,0.0,0.0
1567,0.0,0.0
1568,0.0,0.0
1569,0.05,0.15
1570,0.0,0.0
1571,0.0,0.0
1572,-0.25,0.8888888888888888
1573,0.0,0.0
1574,0.0,0.0
1575,-0.5,0.5
1576,0.0,0.5
1577,0.0,0.0
1578,-0.012499999999999997,0.2875
1579,0.0,0.0
1580,0.0,0.0
1581,0.2857142857142857,0.5357142857142857
1582,0.0,0.0
1583,0.0,0.0
1584,0.0,0.0
1585,0.2,0.45
1586,0.10654761904761904,0.5321428571428571
1587,0.0,0.0
1588,-0.6999999999999998,0.6666666666666666
1589,0.0,0.0
1590,0.13,0.52
1591,0.029166666666666674,0.45
1592,0.18125,0.56875
1593,0.0,0.0
1594,0.0,0.0
1595,0.6,1.0
1596,0.0,0.0
1597,-0.14285714285714285,0.5357142857142857
1598,0.0,0.0
1599,0.0,0.0
1600,-0.05,0.025
1601,0.13333333333333333,0.13333333333333333
1602,0.0,0.0
1603,0.0,0.5
1604,-0.024999999999999994,0.925
1605,-0.4,0.8500000000000001
1606,0.0,0.0
1607,-0.15555555555555559,0.2888888888888889
1608,0.0,0.0
1609,0.0,0.0
1610,0.0,0.0
1611,0.2,0.8
1612,0.0,0.0
1613,-0.5,1.0
1614,0.0,0.0
1615,-0.1537037037037037,0.2425925925925926
1616,-0.003246753246753248,0.5178571428571428
1617,0.0,0.0
1618,-0.05,0.4
1619,0.2857142857142857,0.5357142857142857
1620,0.0,0.0
1621,0.0,0.0
1622,0.0,0.0
1623,0.0,0.0
1624,0.0,0.125
1625,0.0,0.0
1626,0.0,0.0
1627,0.13295454545454546,0.41590909090909095
1628,-0.19999999999999998,0.6
1629,0.26666666666666666,0.7333333333333334
1630,-0.016666666666666663,0.2333333333333333
1631,0.05,0.15
1632,0.04481481481481481,0.32296296296296295
1633,0.0,0.0
1634,0.0,0.0
1635,-0.07777777777777779,0.29444444444444445
1636,0.0,0.0
1637,0.0,0.0
1638,0.0,0.0
1639,0.0,0.0
1640,0.0,0.0
1641,0.0,0.0
1642,0.0,0.0
1643,0.5,0.5
1644,0.1875,0.875
1645,0.5,0.5
1646,0.0,0.0
1647,0.0,0.0
1648,0.08055555555555556,0.525
1649,0.0,0.0
1650,0.0,0.0
1651,0.0,0.0
1652,0.13636363636363635,0.5
1653,0.0,0.0
1654,0.0,0.0
1655,0.0,0.06666666666666667
1656,-0.09375,0.3
1657,0.0,0.0
1658,0.13636363636363635,0.5
1659,-0.5,1.0
1660,0.08333333333333333,0.125
1661,0.0,0.65
1662,-0.1,0.1
1663,0.0,0.0
1664,0.0,0.5
1665,0.05,0.1
1666,-0.2,0.1
1667,-0.16,0.5900000000000001
1668,0.0,1.0
1669,0.0,0.0
1670,0.0,0.0
1671,-1.0,1.0
1672,0.0,0.0
1673,0.0,0.0
1674,0.0,0.0
1675,0.0,0.0
1676,0.0,0.0
1677,0.0,0.0
1678,0.0,0.0
1679,0.0,0.0
1680,0.0,0.0
1681,0.0,0.0
1682,0.0,0.0
1683,0.0,0.0
1684,0.45833333333333337,0.6944444444444444
1685,0.1442857142857143,0.3904761904761905
1686,0.08333333333333333,0.41666666666666663
1687,0.0,0.0
1688,0.0,0.0
1689,0.6,0.35
1690,0.2857142857142857,0.5357142857142857
1691,0.0,0.0
1692,0.16666666666666666,0.3666666666666667
1693,-0.06282051282051282,0.40256410256410263
1694,-0.3458333333333333,0.55
1695,0.0,0.5
1696,0.06666666666666665,0.3833333333333333
1697,0.0,0.5
1698,0.0,0.0
1699,0.0,0.0
1700,0.0,0.0
1701,0.0,0.0
1702,0.0,0.0
1703,0.0,0.0
1704,0.0,0.0
1705,0.0,0.0
1706,0.0,0.0
1707,0.3,0.2
1708,-0.42500000000000004,0.65
1709,0.0,0.5
1710,0.7,0.2
1711,0.0,0.0
1712,0.0,0.0
1713,0.0,0.0
1714,0.5,1.0
1715,0.0,0.0
1716,0.0,0.0
1717,0.0,0.0
1718,-0.2,0.1
1719,0.6,0.9
1720,0.0,0.0
1721,0.0,0.0
1722,0.0,0.0
1723,0.0,0.0
1724,-0.125,0.75
1725,0.0,0.0
1726,0.0,0.0
1727,-0.1875,0.5
1728,0.3408333333333333,0.95
1729,-0.13333333333333333,0.9666666666666667
1730,0.40285714285714286,0.6792857142857143
1731,0.2,0.30000000000000004
1732,0.0,0.0
1733,0.0,0.5
1734,0.0,0.0
1735,0.225,0.26666666666666666
1736,0.21369047619047618,0.593452380952381
1737,0.25,0.4232142857142857
1738,0.25,0.48333333333333334
1739,0.0,0.0
1740,-0.15,0.45
1741,0.1875,0.2589285714285714
1742,0.0,0.5
1743,0.0,0.0
1744,0.0,0.0
1745,0.25,0.75
1746,0.7,0.6000000000000001
1747,0.0,0.0
1748,0.10277777777777776,0.5805555555555556
1749,0.3,0.0
1750,-0.21666666666666667,0.6333333333333333
1751,0.020833333333333343,0.9305555555555555
1752,0.0,0.19642857142857142
1753,0.4,0.5
1754,0.0,0.0
1755,0.5,1.0
1756,0.0,0.0
1757,0.0,0.0
1758,0.5,0.65
1759,0.0,0.0
1760,0.0,0.0
1761,-0.15555555555555559,0.2888888888888889
1762,0.0,0.0
1763,0.0,0.0
1764,0.0,0.0
1765,0.0,0.0
1766,-0.625,0.625
1767,0.17222222222222222,0.6444444444444445
1768,-0.05714285714285716,0.6178571428571429
1769,0.0,0.0
1770,0.375,0.575
1771,0.029365079365079344,0.35873015873015873
1772,0.0,0.5
1773,0.0,0.0
1774,0.0,0.0
1775,0.0,0.0
1776,0.0,0.0
1777,0.0,0.0
1778,-0.1125,0.41250000000000003
1779,0.4,0.5
1780,0.0,0.0
1781,-0.125,0.45
1782,-0.05,0.15
1783,0.6,0.95
1784,0.0,0.0
1785,0.0,0.0
1786,0.0,0.0
1787,0.0,0.0
1788,0.0,1.0
1789,-0.05,0.25
1790,0.12222222222222222,0.34444444444444444
1791,0.0,0.0
1792,-0.15,0.4
1793,0.0,0.0
1794,0.0,0.0
1795,0.2857142857142857,0.5357142857142857
1796,0.0,0.0
1797,0.0,0.0
1798,0.0,0.0
1799,-0.16666666666666666,0.06666666666666667
1800,-0.125,1.0
1801,0.0,0.0
1802,0.11249999999999999,0.4791666666666667
1803,0.0,0.0
1804,0.6,0.2
1805,-0.7999999999999999,1.0
1806,-0.1875,0.5
1807,-0.5,1.0
1808,0.0,0.0
1809,0.0,0.06666666666666667
1810,0.0,0.0
1811,-0.5,1.0
1812,0.0,0.0
1813,0.04444444444444443,0.37222222222222223
1814,-0.14583333333333334,0.2708333333333333
1815,0.1,0.8
1816,0.0,0.0
1817,0.0,0.0
1818,0.0,0.0
1819,0.05249999999999999,0.51
1820,0.0,0.0
1821,0.2333333333333333,0.3666666666666667
1822,-0.07777777777777779,0.14444444444444446
1823,0.0,0.0
1824,0.0,0.0
1825,-0.5,0.5
1826,-0.05,0.0
1827,0.0,0.0
1828,-0.15000000000000002,0.9
1829,0.0,0.0
1830,0.11142857142857143,0.29392857142857143
1831,0.0,0.0
1832,0.0,0.0
1833,0.0,0.0
1834,0.0,0.0
1835,0.35,0.35
1836,0.13333333333333333,0.375
1837,0.0,0.0
1838,0.0,0.0
1839,-0.75,0.75
1840,0.0,0.0
1841,0.0,0.0
1842,0.0,0.0
1843,0.0,0.0
1844,0.0,0.0
1845,-0.15555555555555559,0.2888888888888889
1846,0.175,0.6166666666666667
1847,0.0,0.0
1848,0.0,0.0
1849,0.0,0.0
1850,0.0,0.0
1851,0.0,0.0
1852,0.0,0.0
1853,-0.30000000000000004,0.39999999999999997
1854,0.0,0.0
1855,0.0,0.0
1856,0.0,0.0
1857,0.0,0.0
1858,0.0,0.0
1859,0.0,0.0
1860,-0.4,0.8500000000000001
1861,0.0,0.0
1862,0.0,0.0
1863,0.0,0.0
1864,0.0,0.0
1865,0.3,0.475
1866,0.0,0.0
1867,0.0,0.0
1868,0.0,0.0
1869,-0.15555555555555559,0.2888888888888889
1870,0.0,0.0
1871,0.0,0.0
1872,0.0,0.0
1873,0.0,0.0
1874,0.0,0.0
1875,0.0,0.0
1876,0.0,0.0
1877,0.0,0.0
1878,-0.4,0.8500000000000001
1879,0.0,0.0
1880,0.0,0.0
1881,0.0,0.0
1882,0.3,0.1
1883,0.6,0.2
1884,0.0,0.0
1885,-0.05,0.4
1886,0.0,0.0
1887,0.0,0.0
1888,0.18,0.26
1889,0.0,0.0
1890,0.1,0.4
1891,0.0,0.0
1892,0.15000000000000002,0.875
1893,0.1111111111111111,0.4444444444444444
1894,0.2857142857142857,0.5357142857142857
1895,0.0,0.0
1896,0.0,0.0
1897,0.0,0.0
1898,0.1,1.0
1899,0.0,0.0
1900,-0.625,1.0
1901,0.0,0.0
1902,0.0,0.0
1903,0.0,0.0
1904,0.0,0.0
1905,0.0,0.39
1906,0.0,0.0
1907,0.0,0.0
1908,0.0,0.0
1909,0.0,0.0
1910,0.0,0.0
1911,-0.35625,0.64375
1912,0.0,0.0
1913,-0.3125,0.6875
1914,-0.8,0.9
1915,0.0,0.0
1916,0.0,0.0
1917,0.0,0.0
1918,0.0,0.0
1919,0.0,0.0
1920,-0.6,0.8
1921,0.0,0.0
1922,0.21428571428571427,0.5714285714285714
1923,0.13636363636363635,0.5
1924,0.0,0.0
1925,0.0,0.0
1926,0.0,0.0
1927,0.0,0.0
1928,0.0,0.0
1929,0.0,0.0
1930,0.0,0.0
1931,0.0,0.0
1932,0.0,0.0
1933,0.0,0.0
1934,0.0,0.0
1935,0.0,0.0
1936,-0.009595959595959616,0.3944444444444445
1937,0.0,0.0
1938,0.2,0.9
1939,0.4,0.8
1940,0.0,0.0
1941,0.5,0.8
1942,0.0,0.0
1943,0.0,0.8333333333333334
1944,0.0,0.0
1945,0.2,0.65
1946,0.4,0.8
1947,0.4,0.8
1948,0.0,0.0
1949,0.2,0.9
1950,0.0,0.0
1951,0.4,0.8
1952,0.2,0.1
1953,0.1,0.05
1954,0.0,0.5
1955,0.4,0.8
1956,0.0,0.0
1957,-0.1353535353535353,0.6777777777777777
1958,0.0,0.0
1959,0.0,0.0
1960,-0.049999999999999996,0.19999999999999998
1961,0.0,0.0
1962,0.45,0.75
1963,0.0,0.0
1964,0.0,0.0
1965,0.0,0.3
1966,-0.1625,0.3625
1967,0.0,1.0
1968,0.2,0.8
1969,0.0,0.0
1970,0.3333333333333333,0.5
1971,0.0,0.0
1972,0.2111111111111111,0.41111111111111115
1973,0.0,0.0
1974,0.0,0.0
1975,0.0,0.0
1976,0.0,0.0
1977,0.0,0.0
1978,0.0,0.0
1979,0.0,0.0
1980,0.0,0.0
1981,-0.3125,0.6875
1982,0.0,0.0
1983,0.0,0.0
1984,0.0,0.0
1985,-0.13333333333333333,0.39999999999999997
1986,0.1,0.2
1987,-0.15625,0.34375
1988,0.0,0.0
1989,-0.016666666666666677,0.3
1990,0.0,0.0
1991,0.0,0.0
1992,0.0,0.0
1993,0.0,0.0
1994,0.0,0.25
1995,-0.30000000000000004,0.39999999999999997
1996,0.0,0.0
1997,0.0,0.0
1998,0.0,0.0
1999,-0.07291666666666667,0.6354166666666666
2000,0.25,1.0
2001,0.0,0.0
2002,0.225,0.45
2003,0.4,1.0
2004,0.0,0.0
2005,0.1875,0.41666666666666663
2006,0.0,0.0
2007,0.0,0.0
2008,0.0,0.0
2009,0.0,0.0
2010,0.0,0.0
2011,0.0,0.0
2012,0.0,0.0
2013,0.6,0.2
2014,0.0,0.45625
2015,-0.125,0.375
2016,0.0,0.0
2017,-0.43333333333333335,0.8666666666666667
2018,-0.1,0.3
2019,0.2,0.4
2020,0.0,0.0
2021,0.0,0.0
2022,0.0,0.0
2023,0.0,0.0
2024,-0.6,1.0
2025,-0.15555555555555559,0.2888888888888889
2026,-0.1,0.5
2027,0.0,0.0
2028,0.0,0.125
2029,0.0,0.0
2030,0.016666666666666673,0.3
2031,-0.5666666666666667,0.3333333333333333
2032,-0.7,0.2
2033,0.35833333333333334,0.6583333333333333
2034,0.0,0.0
2035,0.0,0.0
2036,0.0,0.0
2037,0.05416666666666666,0.5666666666666668
2038,-0.016666666666666677,0.26666666666666666
2039,0.0,0.0
2040,-0.362962962962963,0.7185185185185187
2041,0.0,1.0
2042,-0.43333333333333335,0.8666666666666667
2043,0.0,0.0
2044,-0.17777777777777778,0.3333333333333333
2045,0.25,0.25
2046,0.0,0.0
2047,-0.5,1.0
2048,0.4333333333333333,0.5333333333333333
2049,-0.1875,0.75
2050,0.0,0.0
2051,0.6,1.0
2052,0.0,0.0
2053,-0.05,0.4
2054,-0.43333333333333335,0.65
2055,0.0,0.0
2056,0.0,0.5
2057,-0.07500000000000001,0.75
2058,0.4,0.9
2059,-0.1,0.08333333333333334
2060,0.0,0.0
2061,0.5,0.5
2062,0.0,0.0
2063,0.225,0.5
2064,4.625929269271485e-18,0.3444444444444445
2065,-0.5,0.5
2066,0.0,0.0
2067,0.1660714285714286,0.36071428571428577
2068,-0.008333333333333333,0.35833333333333334
2069,0.1722222222222222,0.7129629629629629
2070,-0.125,0.375
2071,-0.575,0.7
2072,-0.03263888888888889,0.40347222222222223
2073,0.0,0.0
2074,0.07708333333333334,0.44513888888888886
2075,0.0,0.0
2076,0.4,0.5
2077,0.1,1.0
2078,0.059999999999999984,0.66
2079,0.5,0.55
2080,0.5125,0.8
2081,0.0,0.0
2082,0.2583333333333333,0.3416666666666667
2083,0.7,0.2
2084,0.24,0.28
2085,0.1813131313131313,0.36414141414141415
2086,0.05227272727272727,0.465
2087,0.11976190476190474,0.4594047619047619
2088,-0.09375,0.59375
2089,0.0,0.125
2090,0.6,1.0
2091,0.2805555555555556,0.4416666666666667
2092,0.0,0.75
2093,0.31,0.51
2094,0.6,0.9
2095,-0.1,0.1
2096,-0.012222222222222223,0.19666666666666668
2097,0.0,0.0
2098,0.0,0.0
2099,0.3666666666666667,0.4666666666666666
2100,0.0,0.0
2101,-0.13333333333333333,0.2833333333333334
2102,0.25,0.3333333333333333
2103,-0.05,0.5583333333333333
2104,0.0,0.0
2105,0.0625,0.275
2106,0.4,0.6
2107,0.10416666666666666,0.4375
2108,0.3875,0.5625
2109,0.3,0.5
2110,0.6,0.9
2111,0.0,0.0
2112,0.375,0.5
2113,0.0,0.0
2114,0.4523809523809524,0.5904761904761905
2115,0.0,0.0
2116,0.2,0.3
2117,0.06666666666666665,0.26666666666666666
2118,0.5,0.5
2119,0.25,0.5
2120,0.10476190476190476,0.35714285714285715
2121,0.0,0.125
2122,0.0,0.0
2123,0.14999999999999997,0.3333333333333333
2124,0.0,0.0
2125,0.0,0.19999999999999998
2126,0.0,0.1
2127,0.15656565656565655,0.4292929292929293
2128,0.0,0.0
2129,0.0,0.0
2130,0.4,0.7
2131,0.0,0.0
2132,0.0,0.0
2133,0.0,0.0
2134,0.0,0.3
2135,0.0,0.0
2136,0.0,0.0
2137,0.0,0.0
2138,0.3333333333333333,0.5
2139,0.0,0.0
2140,-0.3,0.6
2141,0.1,1.0
2142,0.0,0.0
2143,0.0,0.0
2144,-0.125,0.2
2145,-0.10833333333333334,0.10833333333333334
2146,0.10499999999999998,0.395
2147,0.43333333333333335,0.8333333333333334
2148,0.0,0.0
2149,0.19999999999999998,0.7333333333333333
2150,0.0,0.0
2151,0.35833333333333334,0.5
2152,0.0,0.0
2153,-0.5,1.0
2154,0.0,0.0
2155,0.0,0.0
2156,0.0,0.0
2157,0.0,0.0
2158,0.0,0.0
2159,0.05,0.1
2160,-0.041666666666666664,0.6833333333333332
2161,0.0,0.0
2162,-0.1,1.0
2163,0.5,0.5
2164,0.0,0.0
2165,0.0,0.0
2166,0.25,0.3333333333333333
2167,-0.1375,0.30000000000000004
2168,0.05416666666666666,0.6333333333333333
2169,0.0,0.0
2170,0.003703703703703703,0.39444444444444443
2171,0.0,0.0
2172,0.7,0.2
2173,0.25,0.25
2174,0.26,0.3
2175,0.0,0.0
2176,0.13636363636363635,0.45454545454545453
2177,0.0,0.0
2178,0.21428571428571427,0.42857142857142855
2179,0.0,0.0
2180,0.0,0.0
2181,0.0,0.0
2182,0.0,0.0
2183,0.0,0.0
2184,0.0,0.0
2185,0.0,0.0
2186,0.0,0.0
2187,0.13636363636363635,0.5
2188,0.0,0.0
2189,0.0,0.0
2190,0.0,0.0
2191,0.23750000000000002,0.625
2192,0.0,0.3333333333333333
2193,-0.10000000000000002,0.43333333333333335
2194,0.31111111111111117,0.611111111111111
2195,0.0,0.0
2196,0.0,0.0
2197,0.0,0.0
2198,0.0,0.0
2199,-0.5,0.9
2200,0.0,0.0
2201,-0.2,0.3
2202,0.6,0.8
2203,0.0,0.0
2204,-0.1875,0.5
2205,-0.2916666666666667,0.5416666666666666
2206,0.08333333333333333,0.4777777777777778
2207,0.0,0.0
2208,0.29375,0.6437499999999999
2209,0.0,0.0
2210,0.43333333333333335,0.8333333333333334
2211,-0.4,0.7
2212,0.25,0.5
2213,0.2,0.2
2214,-0.18055555555555558,0.2638888888888889
2215,0.0,0.0
2216,0.2,0.2
2217,-0.07692307692307693,0.2692307692307692
2218,0.1,0.2
2219,0.0,0.0
2220,-0.05083333333333333,0.4844444444444444
2221,0.44999999999999996,0.55
2222,0.0,0.0
2223,0.0,0.05
2224,0.25,0.5
2225,0.0,0.0
2226,0.0,0.0
2227,0.2,0.6
2228,0.0,0.1
2229,-0.029166666666666664,0.26666666666666666
2230,0.008432539682539673,0.31061507936507937
2231,-0.05,0.2
2232,0.19246031746031744,0.5952380952380952
2233,0.14583333333333334,0.44166666666666665
2234,0.25,0.3333333333333333
2235,-0.05,0.4
2236,0.10000000000000002,0.3833333333333333
2237,0.0,0.6666666666666666
2238,0.0,0.0
2239,0.0,0.0
2240,0.0,0.0
2241,0.0,0.0
2242,-0.025,0.5
2243,-0.09375,0.25
2244,-0.5,1.0
2245,0.8,1.0
2246,0.0,0.0
2247,0.1,0.9
2248,0.13636363636363635,0.5
2249,0.0,0.0
2250,0.25,0.3333333333333333
2251,0.25,0.25
2252,0.06166666666666667,0.3380952380952381
2253,0.8,1.0
2254,0.0,0.0
2255,0.0,1.0
2256,0.0,0.0
2257,0.7,0.2
2258,0.3,0.2
2259,0.0,0.0
2260,0.0,0.0
2261,0.0,0.0
2262,0.15,0.33333333333333337
2263,0.3999999999999999,0.45
2264,0.0031250000000000028,0.23124999999999998
2265,0.0,0.125
2266,0.20000000000000004,0.6333333333333333
2267,0.175,0.7
2268,0.4,1.0
2269,0.4,1.0
2270,0.0,0.0
2271,0.0,0.0
2272,0.06666666666666667,0.10000000000000002
2273,-0.06666666666666667,0.29444444444444445
2274,-0.14416666666666664,0.5533333333333333
2275,-0.3333333333333333,0.6666666666666666
2276,-0.125,0.75
2277,0.0,0.0
2278,-0.1125,0.2375
2279,0.0,0.0
2280,0.2857142857142857,0.5357142857142857
2281,0.37916666666666665,0.6625
2282,0.04962121212121212,0.4515151515151515
2283,0.0,0.0
2284,-0.375,0.75
2285,0.0,0.0
2286,0.0,0.0
2287,0.0,0.5
2288,0.14682539682539683,0.3811507936507937
2289,-0.20185185185185187,0.46296296296296297
2290,-0.09375,0.5
2291,0.0,0.0
2292,-0.14027777777777778,0.3319444444444445
2293,-0.15555555555555559,0.2888888888888889
2294,-0.1875,0.5
2295,-0.45,0.85
2296,0.5,0.5
2297,0.0,1.0
2298,0.4,0.3
2299,0.0,0.0
2300,0.0,0.0
2301,0.5,0.5
2302,0.48750000000000004,0.65
2303,0.0,0.0
2304,0.375,0.5
2305,0.0,0.3333333333333333
2306,0.0,0.0
2307,0.0,0.0
2308,0.0,0.0
2309,0.0,0.0
2310,0.0,0.0
2311,-0.1,0.25
2312,0.0,0.0
2313,-0.125,0.75
2314,0.0,0.0
2315,0.0,0.0
2316,0.0,0.0
2317,0.1,0.8
2318,0.0,0.05
2319,0.26666666666666666,0.2722222222222222
2320,-0.0625,0.16666666666666666
2321,-0.1875,0.5
2322,0.0,0.0
2323,0.0,0.0
2324,0.25,0.3333333333333333
2325,0.0,0.0
2326,0.0,0.0
2327,-0.3,0.4
2328,-0.1,0.35
2329,-0.29999999999999993,0.6
2330,0.0,0.0
2331,0.2,0.2
2332,0.0,0.0
2333,0.0,0.0
2334,-0.7142857142857143,0.8571428571428571
2335,0.1,0.1
2336,-0.4000000000000001,0.6333333333333334
2337,0.19999999999999998,0.6
2338,0.05208333333333334,0.59375
2339,0.0,0.0
2340,0.15,0.525
2341,0.0,0.0
2342,0.0,0.0
2343,0.2,0.2
2344,0.0,0.0
2345,0.0,0.0
2346,-0.125,1.0
2347,-0.10555555555555557,0.5
2348,0.0,0.0
2349,0.2333333333333333,0.5666666666666667
2350,0.0,0.0
2351,0.0,0.0
2352,-0.3,0.6
2353,0.5,0.5
2354,0.0,0.0
2355,0.0,0.0
2356,-0.25,0.4
2357,-0.39,0.78
2358,0.0,0.0
2359,0.0,0.3
2360,0.3333333333333333,0.5
2361,0.0,0.0
2362,0.0,0.0
2363,0.0,0.0
2364,0.0,0.0
2365,0.48333333333333334,0.9
2366,0.2722222222222222,0.44444444444444453
2367,0.0,0.0
2368,-0.6,1.0
2369,0.0,0.0
2370,1.0,1.0
2371,0.0,0.0
2372,0.0,0.0
2373,0.0,0.0
2374,0.2,0.2
2375,-0.9,0.7
2376,-0.09375,0.3
2377,-0.14583333333333334,0.7708333333333333
2378,0.7,0.2
2379,0.025000000000000012,0.29444444444444445
2380,0.0,0.0
2381,0.26666666666666666,0.38333333333333336
2382,0.9,0.875
2383,0.0,0.0
2384,0.0,0.0
2385,0.0,0.0
2386,0.0,0.0
2387,-0.35000000000000003,0.55
2388,-0.3,0.6
2389,0.23750000000000002,0.5666666666666667
2390,0.0,0.0
2391,0.0,0.0
2392,0.0,0.0
2393,0.0,0.0
2394,0.0,0.0
2395,-0.1102777777777778,0.4044444444444445
2396,0.0,0.0
2397,0.0625,0.5625
2398,0.2,0.2
2399,0.5,0.625
2400,0.5,0.625
2401,0.0,0.0
2402,0.0,0.0
2403,0.0,0.0
2404,0.0,0.0
2405,0.25,0.25
2406,-0.5,1.0
2407,0.0,0.0
2408,0.2,0.6
2409,0.0,0.0
2410,0.0,0.0
2411,0.0,0.0
2412,0.0,0.0
2413,0.0,0.0
2414,0.0,0.0
2415,-0.07142857142857142,0.21428571428571427
2416,0.0,0.0
2417,0.12222222222222223,0.6000000000000001
2418,0.0,0.0
2419,0.3333333333333333,0.5
2420,0.020000000000000018,0.5533333333333333
2421,1.0,1.0
2422,0.25,0.25
2423,0.5,0.75
2424,0.25,0.2833333333333333
2425,0.27499999999999997,0.1
2426,0.5,0.85
2427,0.0,0.0
2428,0.0,0.0
2429,0.5,0.625
2430,0.0,0.05
2431,0.0,0.0
2432,0.0,0.0
2433,0.0,0.0
2434,0.13,1.0
2435,0.5,0.5
2436,0.0,0.0
2437,0.0,0.0
2438,0.0,0.0
2439,0.2857142857142857,0.5357142857142857
2440,0.0,0.0
2441,0.0,0.0
2442,0.0,0.0
2443,0.1,0.2
2444,0.0,0.0
2445,0.0,0.0
2446,0.7000000000000001,0.7999999999999999
2447,0.1,0.2
2448,-0.21851851851851853,0.4962962962962963
2449,0.4,0.8
2450,0.08764880952380952,0.3464285714285714
2451,0.0,0.0
2452,0.0,0.0
2453,0.0,0.0
2454,0.1,0.2
2455,0.0,0.0
2456,0.0,0.6333333333333333
2457,-0.022222222222222216,0.2555555555555556
2458,0.16,0.5399999999999999
2459,-0.4,0.7
2460,0.0,0.0
2461,0.2,0.45
2462,0.6,0.6
2463,0.0,0.0
2464,0.0,0.0
2465,0.0,0.0
2466,0.05,0.1
2467,-0.15555555555555559,0.2888888888888889
2468,-0.1,0.4
2469,0.0,0.15
2470,-0.2,0.47500000000000003
2471,0.125,0.47500000000000003
2472,0.0,0.0
2473,0.0,0.0
2474,0.7,0.2
2475,0.0,0.0
2476,0.0,0.0
2477,0.3,0.5
2478,0.15000000000000002,0.575
2479,0.0,0.0
2480,-0.15555555555555559,0.2888888888888889
2481,0.20714285714285713,0.5642857142857143
2482,0.5,0.5
2483,-0.17500000000000002,0.39999999999999997
2484,0.0,0.0
2485,-0.6,1.0
2486,0.0,0.0
2487,0.0,0.0
2488,0.0,0.0
2489,0.0,0.0
2490,0.0,0.0
2491,-0.4,0.6
2492,0.12499999999999999,0.375
2493,-0.4,0.6
2494,0.0,0.0
2495,-0.07777777777777779,0.6444444444444445
2496,0.0,0.0
2497,0.0,0.0
2498,-0.5,1.0
2499,0.0,0.0
2500,0.2,0.2
2501,0.0,0.0
2502,0.0,0.0
2503,-0.5,1.0
2504,-0.15,0.6
2505,-0.5,1.0
2506,0.0,0.0
2507,0.4,0.4
2508,0.0,0.0
2509,0.4,0.7
2510,0.2,0.3
2511,0.0,0.0
2512,0.0,0.0
2513,0.0,0.0
2514,0.05,0.175
2515,0.125,0.16666666666666666
2516,0.0,0.05
