,Length of Sentence
0,29
1,40
2,45
3,17
4,12
5,53
6,10
7,47
8,42
9,38
10,19
11,13
12,23
13,6
14,26
15,31
16,23
17,14
18,9
19,17
20,23
21,32
22,18
23,42
24,10
25,21
26,10
27,57
28,19
29,26
30,28
31,9
32,28
33,16
34,68
35,28
36,33
37,46
38,16
39,5
40,30
41,42
42,9
43,13
44,64
45,14
46,14
47,44
48,11
49,31
50,20
51,23
52,45
53,18
54,18
55,19
56,42
57,56
58,41
59,34
60,49
61,11
62,5
63,24
64,16
65,18
66,14
67,23
68,11
69,42
70,19
71,32
72,21
73,46
74,17
75,48
76,8
77,15
78,20
79,20
80,60
81,45
82,20
83,47
84,20
85,40
86,20
87,17
88,21
89,50
90,70
91,37
92,42
93,65
94,37
95,23
96,54
97,40
98,51
99,30
100,54
101,40
102,10
103,61
104,21
105,43
106,48
107,44
108,22
109,35
110,44
111,9
112,18
113,40
114,29
115,34
116,18
117,29
118,20
119,3
120,5
121,4
122,20
123,8
124,22
125,17
126,5
127,2
128,17
129,21
130,19
131,8
132,2
133,20
134,6
135,4
136,7
137,2
138,8
139,4
140,7
141,21
142,5
143,27
144,9
145,4
146,3
147,29
148,68
149,5
150,2
151,7
152,5
153,15
154,13
155,12
156,17
157,8
158,12
159,52
160,32
161,3
162,12
163,29
164,11
165,20
166,9
167,26
168,13
169,9
170,12
171,28
172,15
173,18
174,25
175,63
176,29
177,41
178,33
179,23
180,14
181,7
182,8
183,9
184,23
185,11
186,27
187,4
188,16
189,6
190,15
191,9
192,21
193,16
194,41
195,16
196,13
197,16
198,18
199,36
200,33
201,27
202,15
203,26
204,22
205,60
206,23
207,23
208,30
209,25
210,18
211,44
212,24
213,6
214,30
215,37
216,33
217,26
218,11
219,6
220,10
221,15
222,12
223,10
224,24
225,11
226,34
227,18
228,26
229,9
230,28
231,24
232,30
233,10
234,18
235,15
236,11
237,4
238,5
239,6
240,12
241,19
242,3
243,8
244,55
245,38
246,14
247,16
248,19
249,9
250,21
251,5
252,12
253,19
254,28
255,48
256,23
257,22
258,29
259,11
260,19
261,15
262,21
263,15
264,23
265,35
266,23
267,14
268,18
269,25
270,7
271,16
272,15
273,49
274,15
275,47
276,11
277,19
278,6
279,22
280,30
281,33
282,40
283,20
284,10
285,10
286,28
287,11
288,28
289,40
290,58
291,17
292,8
293,78
294,116
295,33
296,22
297,32
298,28
299,25
300,7
301,161
302,23
303,5
304,2
305,25
306,11
307,88
308,108
309,34
310,29
311,13
312,29
313,93
314,45
315,52
316,18
317,97
318,28
319,18
320,41
321,40
322,29
323,22
324,27
325,32
326,41
327,6
328,26
329,40
330,25
331,24
332,89
333,18
334,15
335,71
336,33
337,43
338,46
339,31
340,14
341,43
342,37
343,26
344,50
345,35
346,36
347,11
348,28
349,8
350,36
351,17
352,31
353,35
354,18
355,44
356,20
357,27
358,11
359,17
360,6
361,29
362,22
363,22
364,15
365,33
366,29
367,34
368,4
369,8
370,25
371,11
372,11
373,57
374,7
375,5
376,56
377,6
378,5
379,12
380,6
381,12
382,44
383,36
384,5
385,13
386,14
387,23
388,6
389,2
390,8
391,6
392,17
393,2
394,5
395,29
396,13
397,14
398,4
399,3
400,19
401,25
402,6
403,6
404,6
405,6
406,3
407,4
408,9
409,6
410,6
411,2
412,7
413,5
414,4
415,24
416,15
417,6
418,3
419,25
420,16
421,2
422,17
423,48
424,69
425,32
426,35
427,19
428,14
429,18
430,42
431,20
432,10
433,23
434,27
435,27
436,10
437,25
438,36
439,36
440,39
441,15
442,20
443,5
444,18
445,17
446,8
447,14
448,26
449,10
450,6
451,20
452,12
453,6
454,5
455,9
456,25
457,24
458,40
459,33
460,10
461,12
462,11
463,56
464,34
465,30
466,20
467,9
468,14
469,59
470,26
471,110
472,24
473,83
474,28
475,17
476,103
477,38
478,20
479,27
480,41
481,21
482,17
483,6
484,2
485,12
486,22
487,18
488,6
489,2
490,21
491,12
492,8
493,11
494,8
495,5
496,2
497,87
498,19
499,58
500,48
501,84
502,9
503,13
504,36
505,7
506,4
507,6
508,5
509,4
510,4
511,28
512,28
513,15
514,14
515,23
516,37
517,17
518,21
519,7
520,15
521,22
522,17
523,38
524,19
525,26
526,14
527,11
528,33
529,4
530,43
531,22
532,53
533,55
534,15
535,25
536,54
537,116
538,29
539,31
540,32
541,37
542,15
543,17
544,10
545,3
546,10
547,4
548,36
549,12
550,37
551,7
552,22
553,9
554,37
555,104
556,15
557,6
558,23
559,34
560,12
561,16
562,6
563,20
564,33
565,42
566,28
567,26
568,17
569,13
570,13
571,19
572,18
573,30
574,36
575,22
576,60
577,30
578,72
579,17
580,5
581,3
582,5
583,10
584,14
585,14
586,19
587,5
588,5
589,14
590,13
591,15
592,8
593,16
594,6
595,7
596,12
597,18
598,12
599,8
600,5
601,33
602,22
603,24
604,25
605,12
606,23
607,3
608,2
609,15
610,14
611,12
612,5
613,9
614,2
615,4
616,85
617,38
618,10
619,40
620,14
621,31
622,17
623,26
624,40
625,32
626,17
627,27
628,6
629,9
630,12
631,21
632,20
633,15
634,16
635,17
636,12
637,16
638,27
639,4
640,3
641,20
642,3
643,2
644,4
645,9
646,22
647,49
648,31
649,18
650,40
651,32
652,12
653,33
654,8
655,19
656,88
657,13
658,23
659,7
660,16
661,13
662,30
663,27
664,25
665,43
666,13
667,25
668,8
669,69
670,23
671,87
672,42
673,110
674,14
675,44
676,23
677,34
678,27
679,21
680,19
681,8
682,37
683,43
684,55
685,17
686,22
687,23
688,23
689,33
690,94
691,15
692,7
693,10
694,90
695,21
696,6
697,6
698,6
699,4
700,9
701,6
702,7
703,9
704,9
705,4
706,2
707,8
708,5
709,3
710,12
711,23
712,21
713,41
714,28
715,20
716,25
717,4
718,6
719,75
720,8
721,3
722,5
723,7
724,16
725,7
726,8
727,4
728,28
729,5
730,5
731,6
732,11
733,17
734,7
735,11
736,55
737,15
738,11
739,4
740,4
741,20
742,32
743,21
744,28
745,30
746,10
747,35
748,21
749,19
750,20
751,23
752,26
753,17
754,36
755,31
756,41
757,27
758,51
759,16
760,23
761,16
762,14
763,12
764,20
765,27
766,7
767,8
768,6
769,4
770,12
771,10
772,24
773,10
774,17
775,17
776,9
777,4
778,3
779,8
780,17
781,14
782,7
783,29
784,9
785,16
786,9
787,10
788,8
789,5
790,9
791,15
792,13
793,22
794,10
795,10
796,15
797,24
798,7
799,13
800,30
801,15
802,4
803,6
804,3
805,5
806,15
807,13
808,5
809,5
810,2
811,18
812,42
813,6
814,2
815,7
816,10
817,5
818,5
819,7
820,14
821,12
822,30
823,9
824,6
825,3
826,7
827,6
828,9
829,2
830,9
831,2
832,16
833,5
834,2
835,12
836,12
837,5
838,8
839,8
840,6
841,3
842,8
843,6
844,22
845,22
846,11
847,4
848,8
849,13
850,26
851,13
852,6
853,8
854,10
855,20
856,17
857,37
858,24
859,2
860,10
861,7
862,17
863,14
864,27
865,9
866,5
867,21
868,23
869,20
870,9
871,8
872,8
873,9
874,2
875,11
876,11
877,51
878,8
879,2
880,22
881,13
882,5
883,7
884,4
885,2
886,4
887,20
888,7
889,31
890,11
891,4
892,8
893,17
894,7
895,4
896,9
897,3
898,7
899,7
900,9
901,5
902,3
903,8
904,9
905,6
906,2
907,4
908,6
909,7
910,7
911,8
912,6
913,7
914,15
915,9
916,7
917,12
918,6
919,4
920,13
921,13
922,60
923,35
924,63
925,69
926,22
927,21
928,31
929,16
930,22
931,38
932,21
933,29
934,47
935,30
936,179
937,13
938,19
939,37
940,16
941,16
942,11
943,44
944,16
945,61
946,52
947,26
948,56
949,64
950,41
951,32
952,5
953,2
954,8
955,33
956,5
957,5
958,12
959,4
960,10
961,10
962,9
963,10
964,30
965,7
966,10
967,4
968,2
969,19
970,10
971,18
972,6
973,14
974,11
975,18
976,7
977,4
978,6
979,8
980,5
981,2
982,6
983,37
984,9
985,7
986,12
987,8
988,21
989,34
990,17
991,41
992,25
993,27
994,27
995,17
996,2
997,2
998,5
999,6
1000,2
1001,4
1002,6
1003,2
1004,12
1005,16
1006,10
1007,7
1008,4
1009,8
1010,15
1011,7
1012,13
1013,7
1014,26
1015,3
1016,11
1017,8
1018,15
1019,14
1020,16
1021,61
1022,31
1023,36
1024,26
1025,57
1026,37
1027,15
1028,4
1029,21
1030,13
1031,7
1032,16
1033,15
1034,53
1035,38
1036,14
1037,10
1038,12
1039,33
1040,18
1041,6
1042,4
1043,2
1044,4
1045,5
1046,8
1047,10
1048,6
1049,3
1050,21
1051,4
1052,22
1053,5
1054,7
1055,5
1056,7
1057,7
1058,10
1059,10
1060,18
1061,9
1062,4
1063,13
1064,23
1065,37
1066,13
1067,19
1068,26
1069,16
1070,4
1071,3
1072,5
1073,5
1074,4
1075,7
1076,9
1077,5
1078,9
1079,9
1080,7
1081,9
1082,12
1083,10
1084,8
1085,10
1086,10
1087,3
1088,57
1089,32
1090,50
1091,81
1092,38
1093,22
1094,9
1095,9
1096,11
1097,6
1098,8
1099,2
1100,8
1101,11
1102,9
1103,10
1104,9
1105,3
1106,14
1107,10
1108,7
1109,7
1110,27
1111,10
1112,16
1113,5
1114,3
1115,19
1116,22
1117,15
1118,23
1119,13
1120,27
1121,2
1122,6
1123,49
1124,21
1125,9
1126,18
1127,14
1128,4
1129,22
1130,13
1131,19
1132,12
1133,11
1134,13
1135,22
1136,14
1137,38
1138,17
1139,71
1140,11
1141,4
1142,21
1143,21
1144,19
1145,7
1146,18
1147,9
1148,40
1149,19
1150,15
1151,14
1152,15
1153,22
1154,17
1155,13
1156,38
1157,62
1158,16
1159,15
1160,23
1161,6
1162,15
1163,24
1164,20
1165,17
1166,6
1167,9
1168,16
1169,17
1170,23
1171,24
1172,20
1173,15
1174,29
1175,5
1176,32
1177,22
1178,3
1179,22
1180,12
1181,15
1182,21
1183,10
1184,3
1185,23
1186,13
1187,14
1188,8
1189,14
1190,28
1191,18
1192,18
1193,11
1194,7
1195,3
1196,12
1197,19
1198,31
1199,21
1200,10
1201,9
1202,36
1203,37
1204,20
1205,22
1206,51
1207,18
1208,28
1209,30
1210,25
1211,14
1212,26
1213,22
1214,16
1215,3
1216,13
1217,30
1218,13
1219,28
1220,9
1221,31
1222,10
1223,11
1224,11
1225,4
1226,10
1227,4
1228,6
1229,5
1230,9
1231,9
1232,16
1233,9
1234,14
1235,30
1236,29
1237,24
1238,12
1239,16
1240,54
1241,19
1242,6
1243,66
1244,33
1245,15
1246,35
1247,30
1248,30
1249,13
1250,24
1251,13
1252,23
1253,46
1254,8
1255,14
1256,19
1257,13
1258,21
1259,23
1260,20
1261,26
1262,26
1263,42
1264,4
1265,17
1266,7
1267,10
1268,20
1269,30
1270,15
1271,15
1272,14
1273,17
1274,35
1275,15
1276,19
1277,26
1278,19
1279,17
1280,13
1281,22
1282,5
1283,30
1284,14
1285,47
1286,57
1287,8
1288,11
1289,11
1290,2
1291,25
1292,13
1293,9
1294,15
1295,24
1296,27
1297,23
1298,36
1299,13
1300,14
1301,31
1302,34
1303,22
1304,39
1305,22
1306,31
1307,32
1308,35
1309,41
1310,45
1311,42
1312,19
1313,37
1314,30
1315,55
1316,7
1317,42
1318,21
1319,34
1320,33
1321,13
1322,38
1323,11
1324,32
1325,9
1326,41
1327,35
1328,11
1329,7
1330,5
1331,14
1332,43
1333,40
1334,11
1335,6
1336,8
1337,6
1338,34
1339,10
1340,26
1341,10
1342,6
1343,17
1344,8
1345,6
1346,2
1347,9
1348,6
1349,7
1350,7
1351,2
1352,4
1353,6
1354,7
1355,5
1356,21
1357,10
1358,22
1359,14
1360,5
1361,13
1362,11
1363,6
1364,6
1365,13
1366,14
1367,6
1368,15
1369,21
1370,37
1371,14
1372,4
1373,3
1374,6
1375,10
1376,10
1377,2
1378,6
1379,3
1380,3
1381,9
1382,16
1383,18
1384,7
1385,20
1386,12
1387,5
1388,9
1389,9
1390,34
1391,17
1392,21
1393,3
1394,3
1395,11
1396,15
1397,6
1398,5
1399,11
1400,9
1401,2
1402,4
1403,4
1404,5
1405,33
1406,13
1407,23
1408,14
1409,6
1410,8
1411,7
1412,5
1413,11
1414,11
1415,2
1416,4
1417,6
1418,10
1419,8
1420,3
1421,10
1422,7
1423,14
1424,8
1425,8
1426,19
1427,7
1428,3
1429,11
1430,15
1431,12
1432,7
1433,47
1434,11
1435,2
1436,7
1437,5
1438,21
1439,8
1440,10
1441,5
1442,31
1443,10
1444,4
1445,7
1446,5
1447,7
1448,8
1449,2
1450,11
1451,3
1452,3
1453,21
1454,25
1455,22
1456,11
1457,5
1458,8
1459,5
1460,23
1461,7
1462,4
1463,17
1464,12
1465,11
1466,13
1467,29
1468,14
1469,24
1470,15
1471,18
1472,33
1473,36
1474,14
1475,20
1476,22
1477,13
1478,4
1479,4
1480,14
1481,21
1482,17
1483,10
1484,13
1485,17
1486,12
1487,29
1488,20
1489,18
1490,22
1491,10
1492,4
1493,11
1494,21
1495,6
1496,9
1497,17
1498,34
1499,10
1500,7
1501,17
1502,14
1503,15
1504,14
1505,14
1506,9
1507,26
1508,17
1509,5
1510,11
1511,5
1512,17
1513,5
1514,22
1515,12
1516,16
1517,23
1518,11
1519,11
1520,13
1521,14
1522,12
1523,5
1524,9
1525,5
1526,15
1527,14
1528,7
1529,9
1530,13
1531,17
1532,6
1533,17
1534,7
1535,6
1536,9
1537,20
1538,28
1539,34
1540,8
1541,34
1542,27
1543,10
1544,8
1545,6
1546,4
1547,10
1548,10
1549,6
1550,11
1551,19
1552,5
1553,11
1554,9
1555,8
1556,18
1557,17
1558,14
1559,12
1560,19
1561,9
1562,15
1563,6
1564,18
1565,48
1566,88
1567,19
1568,9
1569,6
1570,14
1571,53
1572,34
1573,13
1574,4
1575,17
1576,9
1577,7
1578,4
1579,11
1580,30
1581,18
1582,13
1583,21
1584,20
1585,14
1586,3
1587,5
1588,8
1589,4
1590,6
1591,11
1592,15
1593,13
1594,10
1595,28
1596,10
1597,4
1598,21
1599,25
1600,12
1601,31
1602,4
1603,8
1604,28
1605,12
1606,28
1607,65
1608,41
1609,51
1610,61
1611,13
1612,22
1613,8
1614,8
1615,14
1616,9
1617,2
1618,10
1619,11
1620,5
1621,7
1622,2
1623,13
1624,14
1625,16
1626,10
1627,5
1628,48
1629,47
1630,14
1631,3
1632,17
1633,5
1634,19
1635,18
1636,23
1637,7
1638,24
1639,12
1640,29
1641,5
1642,17
1643,25
1644,10
1645,59
1646,26
1647,46
1648,8
1649,2
1650,8
1651,18
1652,10
1653,2
1654,3
1655,4
1656,6
1657,10
1658,5
1659,3
1660,14
1661,3
1662,3
1663,3
1664,7
1665,34
1666,13
1667,4
1668,38
1669,24
1670,11
1671,31
1672,29
1673,105
1674,63
1675,62
1676,33
1677,17
1678,18
1679,12
1680,8
1681,4
1682,8
1683,14
1684,4
1685,3
1686,3
1687,6
1688,8
1689,7
1690,5
1691,5
1692,5
1693,2
1694,12
1695,7
1696,9
1697,2
1698,8
1699,9
1700,2
1701,5
1702,3
1703,3
1704,5
1705,18
1706,5
1707,18
1708,30
1709,89
1710,18
1711,12
1712,24
1713,12
1714,16
1715,99
1716,65
1717,39
1718,10
1719,28
1720,34
1721,19
1722,10
1723,8
1724,31
1725,6
1726,2
1727,19
1728,37
1729,51
1730,26
1731,30
1732,8
1733,14
1734,11
1735,2
1736,16
1737,6
1738,12
1739,14
1740,14
1741,4
1742,4
1743,7
1744,2
1745,31
1746,34
1747,22
1748,26
1749,12
1750,11
1751,12
1752,18
1753,7
1754,10
1755,7
1756,4
1757,22
1758,10
1759,12
1760,22
1761,13
1762,8
1763,14
1764,4
1765,5
1766,3
1767,8
1768,17
1769,25
1770,16
1771,25
1772,10
1773,11
1774,10
1775,11
1776,8
1777,2
1778,9
1779,10
1780,11
1781,19
1782,19
1783,9
1784,9
1785,20
1786,11
1787,6
1788,5
1789,3
1790,21
1791,13
1792,17
1793,13
1794,34
1795,5
1796,23
1797,2
1798,11
1799,2
1800,15
1801,20
1802,8
1803,5
1804,14
1805,27
1806,10
1807,4
1808,16
1809,42
1810,5
1811,6
1812,8
1813,4
1814,14
1815,44
1816,6
1817,4
1818,4
1819,2
1820,5
1821,12
1822,12
1823,13
1824,6
1825,5
1826,2
1827,2
1828,8
1829,4
1830,2
1831,8
1832,4
1833,2
1834,7
1835,7
1836,8
1837,4
1838,13
1839,15
1840,14
1841,9
1842,6
1843,10
1844,10
1845,5
1846,4
1847,7
1848,7
1849,7
1850,8
1851,11
1852,4
1853,6
1854,4
1855,10
1856,23
1857,8
1858,13
1859,26
1860,18
1861,14
1862,13
1863,11
1864,19
1865,19
1866,28
1867,16
1868,7
1869,19
1870,9
1871,19
1872,11
1873,14
1874,11
1875,10
1876,15
1877,11
1878,4
1879,10
1880,7
1881,3
1882,7
1883,21
1884,5
1885,10
1886,7
1887,7
1888,11
1889,6
1890,4
1891,5
1892,12
1893,5
1894,4
1895,6
1896,2
1897,2
1898,4
1899,10
1900,9
1901,7
1902,6
1903,7
1904,4
1905,2
1906,15
1907,11
1908,17
1909,3
1910,9
1911,2
1912,15
1913,10
1914,24
1915,3
1916,8
1917,3
1918,2
1919,3
1920,3
1921,11
1922,12
1923,13
1924,13
1925,18
1926,10
1927,32
1928,38
1929,17
1930,19
1931,18
1932,14
1933,10
1934,10
1935,90
1936,9
1937,31
1938,13
1939,4
1940,19
1941,5
1942,19
1943,23
1944,16
1945,15
1946,9
1947,12
1948,6
1949,15
1950,19
1951,8
1952,2
1953,3
1954,5
1955,9
1956,5
1957,6
1958,6
1959,18
1960,6
1961,17
1962,19
1963,21
1964,10
1965,16
1966,10
1967,12
1968,16
1969,20
1970,10
1971,29
1972,4
1973,19
1974,11
1975,6
1976,36
1977,17
1978,22
1979,18
1980,14
1981,25
1982,9
1983,21
1984,8
1985,2
1986,18
1987,6
1988,7
1989,8
1990,6
1991,22
1992,16
1993,10
1994,17
1995,17
1996,9
1997,21
1998,23
1999,18
2000,12
2001,19
2002,28
2003,13
2004,23
2005,16
2006,10
2007,18
2008,35
2009,26
2010,52
2011,15
2012,6
2013,11
2014,10
2015,16
2016,11
2017,40
2018,7
2019,6
2020,10
2021,27
2022,6
2023,2
2024,23
2025,17
2026,16
2027,12
2028,11
2029,5
2030,7
2031,9
2032,51
2033,43
2034,60
2035,18
2036,20
2037,13
2038,15
2039,19
2040,44
2041,30
2042,30
2043,10
2044,105
2045,24
2046,46
2047,39
2048,42
2049,51
2050,17
2051,44
2052,14
2053,30
2054,15
2055,73
2056,35
2057,64
2058,18
2059,41
2060,28
2061,77
2062,105
2063,35
2064,95
2065,67
2066,7
2067,18
2068,81
2069,52
2070,61
2071,7
2072,17
2073,44
2074,25
2075,7
2076,35
2077,20
2078,37
2079,16
2080,24
2081,18
2082,36
2083,22
2084,25
2085,42
2086,11
2087,23
2088,24
2089,17
2090,10
2091,28
2092,12
2093,6
2094,39
2095,20
2096,28
2097,31
2098,23
2099,13
2100,45
2101,29
2102,36
2103,12
2104,42
2105,6
2106,16
2107,3
2108,2
2109,8
2110,9
2111,3
2112,5
2113,5
2114,12
2115,13
2116,3
2117,12
2118,8
2119,14
2120,20
2121,18
2122,18
2123,48
2124,26
2125,37
2126,4
2127,32
2128,10
2129,17
2130,4
2131,15
2132,8
2133,10
2134,22
2135,32
2136,25
2137,5
2138,9
2139,6
2140,9
2141,4
2142,16
2143,51
2144,22
2145,19
2146,113
2147,21
2148,11
2149,14
2150,58
2151,7
2152,9
2153,5
2154,15
2155,5
2156,2
2157,20
2158,7
2159,2
2160,3
2161,2
2162,4
2163,4
2164,3
2165,6
2166,21
2167,38
2168,18
2169,43
2170,35
2171,11
2172,13
2173,12
2174,24
2175,7
2176,5
2177,16
2178,7
2179,19
2180,44
2181,10
2182,13
2183,9
2184,28
2185,9
2186,17
2187,30
2188,19
2189,14
2190,22
2191,6
2192,10
2193,23
2194,23
2195,6
2196,30
2197,13
2198,5
2199,32
2200,14
2201,22
2202,20
2203,23
2204,24
2205,35
2206,62
2207,14
2208,28
2209,39
2210,11
2211,13
2212,19
2213,12
2214,17
2215,18
2216,7
2217,22
2218,33
2219,60
2220,4
2221,9
2222,4
2223,11
2224,8
2225,2
2226,7
2227,17
2228,41
2229,14
2230,4
2231,17
2232,4
2233,6
2234,13
2235,13
2236,8
2237,2
2238,23
2239,21
2240,31
2241,11
2242,31
2243,23
2244,18
2245,3
2246,3
2247,12
2248,27
2249,40
2250,51
2251,6
2252,17
2253,16
2254,10
2255,21
2256,50
2257,53
2258,10
2259,7
2260,4
2261,9
2262,18
2263,28
2264,25
2265,13
2266,21
2267,32
2268,30
2269,17
2270,8
2271,11
2272,4
2273,15
2274,7
2275,9
2276,17
2277,7
2278,3
2279,8
2280,5
2281,7
2282,3
2283,19
2284,4
2285,6
2286,5
2287,13
2288,8
2289,3
2290,16
2291,14
2292,16
2293,33
2294,41
2295,17
2296,18
2297,9
2298,8
2299,2
2300,10
2301,11
2302,12
2303,3
2304,11
2305,12
2306,11
2307,2
2308,9
2309,7
2310,3
2311,26
2312,15
2313,2
2314,15
2315,3
2316,4
2317,2
2318,18
2319,8
2320,15
2321,9
2322,10
2323,16
2324,17
2325,17
2326,9
2327,5
2328,8
2329,26
2330,4
2331,15
2332,13
2333,23
2334,7
2335,2
2336,7
2337,8
2338,27
2339,35
2340,4
2341,14
2342,6
2343,2
2344,2
2345,8
2346,7
2347,11
2348,12
2349,22
2350,12
2351,64
2352,9
2353,25
2354,21
2355,15
2356,10
2357,5
2358,2
2359,3
2360,8
2361,30
2362,2
2363,12
2364,10
2365,14
2366,20
2367,18
2368,18
2369,13
2370,24
2371,38
2372,7
2373,7
2374,11
2375,8
2376,9
2377,17
2378,22
2379,13
2380,18
2381,16
2382,4
2383,4
2384,12
2385,13
2386,17
2387,28
2388,14
2389,30
2390,14
2391,14
2392,5
2393,10
2394,3
2395,12
2396,11
2397,7
2398,4
2399,19
2400,12
2401,7
2402,6
2403,2
2404,13
2405,15
2406,5
2407,7
2408,10
2409,18
2410,4
2411,2
2412,8
2413,3
2414,12
2415,5
2416,2
2417,3
2418,15
2419,22
2420,6
2421,13
2422,9
2423,8
2424,3
2425,9
2426,9
2427,17
2428,15
2429,21
2430,18
2431,13
2432,12
2433,22
2434,8
2435,10
2436,7
2437,8
2438,14
2439,12
2440,30
2441,25
2442,13
2443,9
2444,21
2445,7
2446,9
2447,8
2448,12
2449,14
2450,11
2451,13
2452,56
2453,7
2454,13
2455,6
2456,2
2457,20
2458,3
2459,2
2460,8
2461,17
2462,5
2463,6
2464,4
2465,10
2466,13
2467,5
2468,8
2469,2
2470,9
2471,3
2472,5
2473,15
2474,4
2475,4
2476,9
2477,6
2478,10
2479,5
2480,15
2481,12
2482,18
2483,5
2484,8
2485,11
2486,60
2487,45
2488,18
2489,10
2490,22
2491,41
2492,23
2493,14
2494,24
2495,29
2496,15
2497,19
2498,11
2499,14
2500,15
2501,21
2502,24
2503,34
2504,33
2505,6
2506,37
2507,10
2508,9
2509,42
2510,19
2511,20
2512,20
2513,14
2514,18
2515,25
2516,21
2517,11
2518,35
2519,13
2520,25
2521,9
2522,36
2523,14
2524,9
2525,10
2526,21
2527,10
2528,3
2529,20
2530,6
2531,32
2532,8
2533,25
2534,30
2535,11
2536,9
2537,34
2538,12
2539,8
2540,27
2541,5
2542,8
2543,36
2544,12
2545,26
2546,2
2547,21
2548,25
2549,5
2550,3
2551,26
2552,20
2553,14
2554,3
2555,5
2556,40
2557,2
2558,2
2559,5
2560,6
2561,7
2562,9
2563,17
2564,36
2565,11
2566,26
2567,13
2568,8
2569,69
2570,52
2571,20
2572,15
2573,19
2574,5
2575,8
2576,12
2577,18
2578,59
2579,24
2580,32
2581,41
2582,27
2583,25
2584,20
2585,18
2586,9
2587,5
2588,7
2589,16
2590,16
2591,12
2592,32
2593,13
2594,39
2595,17
2596,45
2597,33
2598,12
2599,16
2600,28
2601,22
2602,29
2603,39
2604,24
2605,8
2606,13
2607,27
2608,8
2609,30
2610,20
2611,29
2612,5
2613,10
2614,7
2615,9
2616,30
2617,2
2618,21
2619,6
2620,48
2621,19
2622,48
2623,25
2624,24
2625,28
2626,57
2627,9
2628,13
2629,18
2630,26
2631,25
2632,45
2633,15
2634,37
2635,30
2636,14
2637,43
2638,28
2639,30
2640,21
2641,30
2642,11
2643,33
2644,25
2645,7
2646,21
2647,10
2648,48
2649,29
2650,20
2651,24
2652,35
2653,39
2654,8
2655,32
2656,6
2657,57
2658,14
2659,19
2660,37
2661,19
2662,4
2663,4
2664,5
2665,25
2666,40
2667,15
2668,58
2669,22
2670,12
2671,22
2672,18
2673,13
2674,36
2675,29
2676,8
2677,21
2678,30
2679,28
2680,21
2681,39
2682,12
2683,18
2684,26
2685,39
2686,21
2687,12
2688,7
2689,29
2690,21
2691,34
2692,14
2693,14
2694,9
2695,12
2696,50
2697,4
2698,9
2699,15
2700,2
2701,11
2702,3
2703,2
2704,4
2705,20
2706,27
2707,84
2708,37
2709,14
2710,31
2711,3
2712,36
2713,15
2714,21
2715,41
2716,35
2717,29
2718,17
2719,11
2720,16
2721,7
2722,26
2723,73
2724,7
2725,27
2726,15
2727,30
2728,27
2729,14
2730,7
2731,28
2732,21
2733,33
2734,19
2735,26
2736,132
2737,25
2738,63
2739,31
2740,49
2741,37
2742,27
2743,22
2744,7
2745,6
2746,16
2747,19
2748,49
2749,7
2750,12
2751,22
2752,19
2753,25
2754,34
2755,13
2756,29
2757,3
2758,5
2759,10
2760,31
2761,34
2762,12
2763,31
2764,15
2765,40
2766,28
2767,27
2768,51
2769,75
2770,41
2771,18
2772,50
2773,32
2774,23
2775,13
2776,3
2777,10
2778,15
2779,4
2780,26
2781,23
2782,8
2783,7
2784,8
2785,4
2786,24
2787,9
2788,10
2789,18
2790,20
2791,12
2792,13
2793,17
2794,11
2795,8
2796,4
2797,12
2798,22
2799,18
2800,27
2801,20
2802,40
2803,14
2804,39
2805,12
2806,10
2807,10
2808,8
2809,5
2810,16
2811,5
2812,4
2813,21
2814,49
2815,9
2816,8
2817,22
2818,17
2819,13
2820,34
2821,36
2822,26
2823,15
2824,13
2825,16
2826,18
2827,37
2828,16
2829,20
2830,17
2831,22
2832,20
2833,8
2834,28
2835,71
2836,13
2837,29
2838,21
2839,15
2840,18
2841,17
2842,13
2843,11
2844,28
2845,19
2846,21
2847,39
2848,11
2849,24
2850,27
2851,17
2852,18
2853,15
2854,43
2855,11
2856,3
2857,2
2858,2
2859,6
2860,15
2861,17
2862,35
2863,135
2864,20
2865,14
2866,35
2867,7
2868,5
2869,2
2870,3
2871,6
2872,30
2873,24
2874,9
2875,24
2876,30
2877,5
2878,2
2879,2
2880,9
2881,6
2882,4
2883,22
2884,6
2885,29
2886,28
2887,16
2888,9
2889,18
2890,11
2891,4
2892,4
2893,3
2894,8
2895,29
2896,9
2897,17
2898,24
2899,33
2900,4
2901,15
2902,15
2903,15
2904,17
2905,5
2906,2
2907,6
2908,10
2909,24
2910,17
2911,30
2912,16
2913,15
2914,18
2915,9
2916,5
2917,37
2918,24
2919,20
2920,7
2921,3
2922,5
2923,7
2924,3
2925,13
2926,7
2927,9
2928,9
2929,16
2930,16
2931,24
2932,15
2933,16
2934,36
2935,16
2936,22
2937,12
2938,17
2939,8
2940,17
2941,13
2942,14
2943,19
2944,13
2945,18
2946,25
2947,27
2948,20
2949,15
2950,14
2951,12
2952,11
2953,17
2954,9
2955,15
2956,42
2957,9
2958,27
2959,11
2960,15
2961,37
2962,30
2963,21
2964,15
2965,18
2966,24
2967,12
2968,35
2969,21
2970,14
2971,20
2972,16
2973,19
2974,15
2975,20
2976,11
2977,15
2978,5
2979,23
2980,17
2981,28
2982,22
2983,14
2984,22
2985,13
2986,22
2987,20
2988,7
2989,10
2990,24
2991,42
2992,21
2993,30
2994,20
2995,10
2996,22
2997,10
2998,12
2999,12
3000,13
3001,22
3002,5
3003,17
3004,16
3005,7
3006,22
3007,24
3008,29
3009,46
3010,23
3011,33
3012,12
3013,23
3014,24
3015,17
3016,23
3017,22
3018,10
3019,27
3020,30
3021,8
3022,16
3023,25
3024,53
3025,16
3026,25
3027,14
3028,13
3029,22
3030,5
3031,32
3032,18
3033,17
3034,27
3035,15
3036,12
3037,10
3038,12
3039,18
3040,16
3041,10
3042,26
3043,21
3044,18
3045,38
3046,20
3047,22
3048,21
3049,28
3050,14
3051,36
3052,14
3053,30
3054,23
3055,17
3056,23
3057,15
3058,15
3059,39
3060,23
3061,19
3062,6
3063,6
3064,21
3065,14
3066,26
3067,13
3068,18
3069,17
3070,19
3071,13
3072,30
3073,22
3074,27
3075,22
3076,21
3077,13
3078,26
3079,34
3080,24
3081,41
3082,18
3083,14
3084,19
3085,16
3086,17
3087,25
3088,24
3089,32
3090,23
3091,11
3092,26
3093,15
3094,22
3095,16
3096,15
3097,26
3098,21
3099,23
3100,33
3101,15
3102,14
3103,19
3104,9
3105,25
3106,16
3107,3
3108,15
3109,6
3110,15
3111,14
3112,54
3113,17
3114,17
3115,16
3116,6
3117,9
3118,16
3119,25
3120,8
3121,20
3122,5
3123,4
3124,21
3125,12
3126,6
3127,9
3128,3
3129,8
3130,12
3131,33
3132,8
3133,30
3134,13
3135,5
3136,18
3137,21
3138,19
3139,5
3140,11
3141,23
3142,13
3143,11
3144,8
3145,24
3146,45
3147,33
3148,24
3149,12
3150,26
3151,8
3152,7
3153,30
3154,48
3155,5
3156,12
3157,21
3158,11
3159,4
3160,2
3161,30
3162,8
3163,10
3164,4
3165,4
3166,9
3167,5
3168,41
3169,38
3170,12
3171,3
3172,17
3173,120
3174,57
3175,106
3176,29
3177,18
3178,5
3179,4
3180,7
3181,3
3182,4
3183,10
3184,3
3185,10
3186,6
3187,9
3188,2
3189,2
3190,8
3191,10
3192,21
3193,16
3194,43
3195,10
3196,4
3197,12
3198,18
3199,22
3200,22
3201,17
3202,23
3203,13
3204,22
3205,20
3206,18
3207,13
3208,10
3209,6
3210,9
3211,23
3212,6
3213,6
3214,3
3215,11
3216,7
3217,15
3218,6
3219,10
3220,16
3221,5
3222,4
3223,15
3224,11
3225,15
3226,11
3227,26
3228,5
3229,4
3230,6
3231,5
3232,23
3233,23
3234,14
3235,6
3236,20
3237,2
3238,32
3239,20
3240,12
3241,22
3242,19
3243,10
3244,62
3245,10
3246,14
3247,20
3248,23
3249,27
3250,7
3251,3
3252,4
3253,4
3254,5
3255,2
3256,14
3257,5
3258,14
3259,13
3260,19
3261,5
3262,3
3263,5
3264,4
3265,3
3266,11
3267,5
3268,3
3269,5
3270,6
3271,9
3272,13
3273,24
3274,3
3275,55
3276,43
3277,41
3278,33
3279,43
3280,8
3281,3
3282,22
3283,6
3284,7
3285,24
3286,4
3287,4
3288,13
3289,20
3290,8
3291,4
3292,25
3293,6
3294,41
3295,21
3296,12
3297,11
3298,5
3299,11
3300,2
3301,15
3302,7
3303,2
3304,2
3305,10
3306,5
3307,5
3308,15
3309,11
3310,3
3311,5
3312,13
3313,6
3314,3
3315,65
3316,91
3317,10
3318,15
3319,7
3320,14
3321,5
3322,5
3323,13
3324,9
3325,20
3326,2
3327,2
3328,8
3329,9
3330,9
3331,28
3332,9
3333,30
3334,31
3335,77
3336,13
3337,61
3338,20
3339,21
3340,28
3341,44
3342,23
3343,8
3344,26
3345,13
3346,23
3347,6
3348,19
3349,30
3350,11
3351,14
3352,30
3353,8
3354,28
3355,28
3356,20
3357,18
3358,39
3359,40
3360,11
3361,7
3362,14
3363,61
3364,12
3365,25
3366,38
3367,17
3368,16
3369,12
3370,26
3371,10
3372,3
3373,2
3374,42
3375,8
3376,27
3377,12
3378,17
3379,8
3380,18
3381,14
3382,24
3383,12
3384,8
3385,6
3386,16
3387,2
3388,4
3389,3
3390,8
3391,7
3392,7
3393,12
3394,40
3395,4
3396,2
3397,12
3398,16
3399,29
3400,10
3401,15
3402,10
3403,14
3404,14
3405,49
3406,20
3407,4
3408,17
3409,3
3410,7
3411,16
3412,19
3413,22
3414,12
3415,18
3416,50
3417,29
3418,13
3419,4
3420,2
3421,6
3422,6
3423,13
3424,9
3425,21
3426,17
3427,11
3428,7
3429,9
3430,8
3431,6
3432,17
3433,12
3434,12
3435,12
3436,25
3437,26
3438,17
3439,9
3440,5
3441,10
3442,2
3443,6
3444,6
3445,2
3446,4
3447,14
3448,11
3449,9
3450,20
3451,2
3452,3
3453,8
3454,3
3455,5
3456,4
3457,24
3458,9
3459,6
3460,5
3461,4
3462,7
3463,4
3464,9
3465,4
3466,11
3467,16
3468,17
3469,15
3470,2
3471,2
3472,12
3473,7
3474,13
3475,2
3476,25
3477,12
3478,10
3479,8
3480,5
3481,6
3482,4
3483,13
3484,9
3485,4
3486,9
3487,5
3488,2
3489,7
3490,7
3491,8
3492,11
3493,11
3494,7
3495,4
3496,6
3497,6
3498,2
3499,7
3500,11
3501,13
3502,13
3503,4
3504,5
3505,17
3506,4
3507,3
3508,16
3509,12
3510,7
3511,7
3512,10
3513,5
3514,14
3515,9
3516,2
3517,2
3518,26
3519,6
3520,2
3521,21
3522,13
3523,20
3524,17
3525,29
3526,2
3527,2
3528,15
3529,20
3530,6
3531,17
3532,8
3533,40
3534,12
3535,27
3536,29
3537,13
3538,11
3539,9
3540,15
3541,4
3542,11
3543,3
3544,5
3545,8
3546,17
3547,14
3548,7
3549,4
3550,5
3551,13
3552,19
3553,10
3554,2
3555,21
3556,4
3557,8
3558,8
3559,29
3560,14
3561,16
3562,7
3563,4
3564,8
3565,4
3566,3
3567,7
3568,11
3569,21
3570,33
3571,10
3572,16
3573,3
3574,2
3575,3
3576,4
3577,6
3578,9
3579,7
3580,4
3581,2
3582,2
3583,10
3584,2
3585,2
3586,15
3587,19
3588,4
3589,3
3590,8
3591,8
3592,3
3593,2
3594,7
3595,8
3596,2
3597,2
3598,10
3599,50
3600,8
3601,24
3602,12
3603,6
3604,4
3605,4
3606,11
3607,14
3608,16
3609,20
3610,32
3611,8
3612,6
3613,5
3614,3
3615,3
3616,8
3617,11
3618,4
3619,11
3620,10
3621,3
3622,7
3623,5
3624,11
3625,7
3626,48
3627,42
3628,16
3629,27
3630,8
3631,18
3632,13
3633,15
3634,27
3635,11
3636,28
3637,20
3638,6
3639,20
3640,27
3641,2
3642,2
3643,6
3644,8
3645,3
3646,5
3647,14
3648,15
3649,12
3650,6
3651,6
3652,5
3653,19
3654,17
3655,3
3656,12
3657,21
3658,4
3659,2
3660,5
3661,7
3662,7
3663,10
3664,9
3665,5
3666,24
3667,4
3668,10
3669,12
3670,12
3671,11
3672,17
3673,10
3674,15
3675,20
3676,12
3677,12
3678,14
3679,12
3680,5
3681,12
3682,13
3683,13
3684,9
3685,9
3686,11
3687,40
3688,25
3689,10
3690,21
3691,38
3692,9
3693,32
3694,14
3695,25
3696,62
3697,11
3698,19
3699,14
3700,6
3701,3
3702,9
3703,4
3704,10
3705,14
3706,13
3707,48
3708,11
3709,16
3710,35
3711,27
3712,23
3713,18
3714,13
3715,42
3716,19
3717,9
3718,2
3719,5
3720,10
3721,9
3722,34
3723,44
3724,21
3725,31
3726,2
3727,2
3728,22
3729,23
3730,9
3731,12
3732,9
3733,39
3734,14
3735,22
3736,21
3737,12
3738,4
3739,35
3740,10
3741,19
3742,41
3743,20
3744,14
3745,28
3746,7
3747,25
3748,20
3749,15
3750,17
3751,21
3752,20
3753,17
3754,17
3755,9
3756,26
3757,16
3758,12
3759,7
3760,17
3761,9
3762,18
3763,27
3764,4
3765,10
3766,4
3767,3
3768,2
3769,4
3770,11
3771,3
3772,3
3773,2
3774,5
3775,10
3776,4
3777,5
3778,5
3779,22
3780,53
3781,14
3782,24
3783,7
3784,29
3785,19
3786,8
3787,37
3788,10
3789,4
3790,3
3791,18
3792,16
3793,8
3794,19
3795,5
3796,18
3797,13
3798,17
3799,10
3800,5
3801,7
3802,2
3803,13
3804,25
3805,30
3806,9
3807,21
3808,25
3809,26
3810,4
3811,21
3812,30
3813,9
3814,109
3815,23
3816,21
3817,9
3818,23
3819,25
3820,18
3821,19
3822,8
3823,29
3824,12
3825,40
3826,15
3827,26
3828,11
3829,2
3830,2
3831,7
3832,17
3833,17
3834,5
3835,17
3836,14
3837,19
3838,11
3839,17
3840,2
3841,4
3842,10
3843,3
3844,2
3845,7
3846,5
3847,2
3848,7
3849,10
3850,5
3851,10
3852,17
3853,3
3854,6
3855,17
3856,7
3857,13
3858,3
3859,40
3860,43
3861,13
3862,13
3863,25
3864,25
3865,50
3866,12
3867,20
3868,15
3869,7
3870,5
3871,17
3872,7
3873,8
3874,19
3875,15
3876,14
3877,9
3878,7
3879,17
3880,26
3881,8
3882,27
3883,11
3884,42
3885,12
3886,10
3887,17
3888,7
3889,3
3890,16
3891,7
3892,5
3893,3
3894,3
3895,5
3896,10
3897,7
3898,2
3899,7
3900,5
3901,23
3902,26
3903,9
3904,20
3905,14
3906,8
3907,4
3908,20
3909,15
3910,6
3911,8
3912,16
3913,28
3914,10
3915,5
3916,6
3917,7
3918,8
3919,6
3920,3
3921,7
3922,8
3923,16
3924,23
3925,29
3926,19
3927,11
3928,8
3929,36
3930,6
3931,5
3932,5
3933,5
3934,2
3935,6
3936,5
3937,16
3938,7
3939,17
3940,20
3941,31
3942,18
3943,27
3944,15
3945,17
3946,12
3947,13
3948,10
3949,8
3950,8
3951,22
3952,14
3953,16
3954,15
3955,19
3956,20
3957,14
3958,25
3959,3
3960,8
3961,6
3962,17
3963,17
3964,6
3965,9
3966,19
3967,5
3968,6
3969,2
3970,5
3971,16
3972,19
3973,7
3974,11
3975,17
3976,45
3977,26
3978,25
3979,22
3980,31
3981,7
3982,24
3983,2
3984,2
3985,15
3986,3
3987,2
3988,6
3989,5
3990,7
3991,9
3992,12
3993,27
3994,21
3995,16
3996,24
3997,12
3998,2
3999,2
4000,14
4001,29
4002,5
4003,14
4004,11
4005,9
4006,13
4007,9
4008,12
4009,24
4010,12
4011,41
4012,51
4013,15
4014,7
4015,5
4016,8
4017,7
4018,19
4019,4
4020,6
4021,5
4022,3
4023,11
4024,3
4025,6
4026,8
4027,6
4028,17
4029,13
4030,2
4031,5
4032,15
4033,23
4034,17
4035,12
4036,19
4037,9
4038,18
4039,23
4040,15
4041,15
4042,11
4043,14
4044,22
4045,15
4046,30
4047,16
4048,31
4049,14
4050,7
4051,16
4052,7
4053,8
4054,12
4055,18
4056,36
4057,42
4058,17
4059,31
4060,19
4061,2
4062,6
4063,2
4064,8
4065,2
4066,9
4067,10
4068,12
4069,16
4070,23
4071,25
4072,28
4073,5
4074,2
4075,9
4076,6
4077,20
4078,3
4079,7
4080,7
4081,3
4082,6
4083,8
4084,6
4085,25
4086,4
4087,5
4088,14
4089,43
4090,16
4091,4
4092,71
4093,27
4094,7
4095,2
4096,5
4097,12
4098,6
4099,2
4100,5
4101,9
4102,7
4103,3
4104,6
4105,51
4106,34
4107,7
4108,11
4109,10
4110,34
4111,2
4112,10
4113,6
4114,6
4115,14
4116,16
4117,5
4118,25
4119,4
4120,20
4121,4
4122,36
4123,52
4124,50
4125,42
4126,10
4127,17
4128,20
4129,25
4130,12
4131,21
4132,16
4133,10
4134,8
4135,10
4136,27
4137,32
4138,2
4139,4
4140,4
4141,4
4142,7
4143,12
4144,7
4145,18
4146,17
4147,16
4148,17
4149,14
4150,36
4151,31
4152,41
4153,13
4154,20
4155,9
4156,3
4157,6
4158,18
4159,22
4160,10
4161,16
4162,6
4163,3
4164,38
4165,47
4166,74
4167,38
4168,35
4169,24
4170,12
4171,31
4172,39
4173,45
4174,44
4175,2
4176,16
4177,12
4178,3
4179,3
4180,13
4181,26
4182,6
4183,5
4184,38
4185,65
4186,16
4187,59
4188,40
4189,24
4190,20
4191,46
4192,36
4193,20
4194,12
4195,34
4196,14
4197,19
4198,15
4199,4
4200,14
4201,9
4202,37
4203,20
4204,17
4205,26
4206,24
4207,26
4208,11
4209,13
4210,4
4211,10
4212,16
4213,17
4214,21
4215,14
4216,27
4217,14
4218,6
4219,8
4220,12
4221,3
4222,9
4223,23
4224,15
4225,12
4226,2
4227,2
4228,3
4229,2
4230,23
4231,29
4232,3
4233,13
4234,19
4235,20
4236,40
4237,20
4238,26
4239,24
4240,16
4241,24
4242,15
4243,12
4244,2
4245,7
4246,5
4247,8
4248,20
4249,16
4250,41
4251,40
4252,10
4253,23
4254,18
4255,26
4256,29
4257,38
4258,25
4259,42
4260,191
4261,2
4262,2
4263,15
4264,49
4265,2
4266,11
4267,4
4268,2
4269,4
4270,2
4271,10
4272,9
4273,14
4274,4
4275,2
4276,2
4277,3
4278,5
4279,7
4280,95
4281,19
4282,5
4283,33
4284,12
4285,21
4286,36
4287,24
4288,6
4289,7
4290,4
4291,4
4292,4
4293,4
4294,3
4295,10
4296,7
4297,8
4298,4
4299,5
4300,7
4301,2
4302,19
4303,15
4304,39
4305,7
4306,14
4307,7
4308,18
4309,26
4310,24
4311,6
4312,27
4313,13
4314,28
4315,10
4316,16
4317,12
4318,8
4319,9
4320,6
4321,6
4322,8
4323,15
4324,21
4325,6
4326,22
4327,18
4328,21
4329,4
4330,12
4331,3
4332,9
4333,6
4334,7
4335,24
4336,29
4337,9
4338,16
4339,15
4340,24
4341,9
4342,5
4343,5
4344,2
4345,13
4346,6
4347,14
4348,43
4349,7
4350,4
4351,6
4352,2
4353,4
4354,13
4355,3
4356,2
4357,17
4358,17
4359,16
4360,25
4361,6
4362,15
4363,20
4364,34
4365,27
4366,16
4367,35
4368,20
4369,10
4370,16
4371,4
4372,18
4373,42
4374,13
4375,48
4376,2
4377,3
4378,3
4379,7
4380,8
4381,16
4382,24
4383,12
4384,15
4385,39
4386,27
4387,18
4388,13
4389,14
4390,20
4391,23
4392,23
4393,12
4394,27
4395,18
4396,36
4397,23
4398,18
4399,11
4400,21
4401,13
4402,28
4403,8
4404,13
4405,19
4406,22
4407,34
4408,17
4409,63
4410,9
4411,22
4412,8
4413,19
4414,13
4415,33
4416,17
4417,26
4418,32
4419,13
4420,14
4421,27
4422,16
4423,13
4424,24
4425,15
4426,13
4427,6
4428,24
4429,18
4430,12
4431,12
4432,20
4433,27
4434,16
4435,20
4436,36
4437,20
4438,12
4439,2
4440,14
4441,17
4442,2
4443,2
4444,25
4445,5
4446,10
4447,23
4448,4
4449,18
4450,19
4451,97
4452,28
4453,18
4454,44
4455,24
4456,24
4457,3
4458,13
4459,14
4460,2
4461,15
4462,12
4463,24
4464,118
4465,46
4466,11
4467,4
4468,88
4469,25
4470,84
4471,87
4472,17
4473,51
4474,29
4475,41
4476,30
4477,22
4478,15
4479,85
4480,18
4481,22
4482,55
4483,33
4484,27
4485,14
4486,23
4487,17
4488,39
4489,34
4490,51
4491,12
4492,43
4493,18
4494,33
4495,14
4496,24
4497,20
4498,29
4499,25
4500,15
4501,4
4502,11
4503,8
4504,22
4505,8
4506,14
4507,27
4508,21
4509,11
4510,10
4511,11
4512,9
4513,4
4514,6
4515,9
4516,8
4517,6
4518,8
4519,5
4520,7
4521,2
4522,5
4523,8
4524,21
4525,26
4526,39
4527,16
4528,28
4529,22
4530,25
4531,33
4532,48
4533,18
4534,7
4535,21
4536,25
4537,22
4538,9
4539,16
4540,25
4541,13
4542,18
4543,21
4544,17
4545,11
4546,16
4547,30
4548,26
4549,15
4550,7
4551,27
4552,14
4553,28
4554,20
4555,3
4556,3
4557,5
4558,17
4559,18
4560,3
4561,4
4562,7
4563,13
4564,31
4565,18
4566,46
4567,15
4568,38
4569,55
4570,21
4571,5
4572,9
4573,2
4574,10
4575,5
4576,6
4577,11
4578,15
4579,7
4580,6
4581,27
4582,3
4583,21
4584,7
4585,17
4586,8
4587,22
4588,24
4589,31
4590,17
4591,8
4592,21
4593,16
4594,7
4595,26
4596,23
4597,7
4598,11
4599,17
4600,5
4601,15
4602,21
4603,46
4604,61
4605,20
4606,13
4607,18
4608,21
4609,7
4610,13
4611,16
4612,23
4613,9
4614,26
4615,11
4616,11
4617,8
4618,17
4619,19
4620,7
4621,3
4622,2
4623,8
4624,14
4625,24
4626,28
4627,2
4628,11
4629,11
4630,7
4631,6
4632,26
4633,17
4634,5
4635,4
4636,4
4637,3
4638,3
4639,8
4640,12
4641,45
4642,19
4643,20
4644,13
4645,18
4646,11
4647,11
4648,12
4649,20
4650,9
4651,15
4652,23
4653,43
4654,20
4655,25
4656,14
4657,19
4658,18
4659,12
4660,20
4661,16
4662,21
4663,13
4664,11
4665,19
4666,17
4667,33
4668,17
4669,7
4670,10
4671,11
4672,13
4673,4
4674,10
4675,17
4676,16
4677,9
4678,12
4679,15
4680,12
4681,23
4682,7
4683,39
4684,40
4685,52
4686,52
4687,20
4688,24
4689,56
4690,18
4691,24
4692,32
4693,37
4694,9
4695,23
4696,27
4697,9
4698,23
4699,23
4700,24
4701,43
4702,12
4703,22
4704,17
4705,32
4706,24
4707,15
4708,29
4709,15
4710,36
4711,5
4712,3
4713,24
4714,17
4715,29
4716,33
4717,21
4718,7
4719,9
4720,2
4721,18
4722,22
4723,79
4724,20
4725,10
4726,6
4727,10
4728,13
4729,18
4730,5
4731,31
4732,18
4733,25
4734,7
4735,2
4736,31
4737,24
4738,25
4739,4
4740,36
4741,14
4742,7
4743,22
4744,43
4745,27
4746,12
4747,5
4748,2
4749,25
4750,44
4751,7
4752,5
4753,57
4754,25
4755,12
4756,20
4757,70
4758,25
4759,29
4760,122
4761,7
4762,5
4763,34
4764,21
4765,14
4766,3
4767,6
4768,10
4769,26
4770,9
4771,2
4772,5
4773,16
4774,9
4775,17
4776,4
4777,3
4778,11
4779,4
4780,10
4781,10
4782,49
4783,14
4784,5
4785,4
4786,6
4787,4
4788,10
4789,14
4790,6
4791,3
4792,6
4793,8
4794,11
4795,13
4796,11
4797,5
4798,11
4799,9
4800,7
4801,7
4802,4
4803,11
4804,8
4805,32
4806,11
4807,2
4808,15
4809,4
4810,6
4811,11
4812,6
4813,13
4814,8
4815,5
4816,23
4817,24
4818,14
4819,13
4820,6
4821,9
4822,3
4823,27
4824,10
4825,12
4826,11
4827,9
4828,13
4829,8
4830,12
4831,11
4832,6
4833,9
4834,11
4835,2
4836,19
4837,21
4838,11
4839,4
4840,14
4841,16
4842,12
4843,16
4844,12
4845,4
4846,4
4847,4
4848,6
4849,20
4850,16
4851,14
4852,18
4853,7
4854,5
4855,11
4856,14
4857,18
4858,44
4859,13
4860,6
4861,3
4862,4
4863,6
4864,10
4865,5
4866,8
4867,2
4868,4
4869,3
4870,10
4871,14
4872,15
4873,12
4874,14
4875,14
4876,9
4877,16
4878,18
4879,24
4880,10
4881,5
4882,29
4883,16
4884,16
4885,14
4886,24
4887,3
4888,30
4889,12
4890,3
4891,19
4892,8
4893,12
4894,7
4895,16
4896,3
4897,5
4898,5
4899,5
4900,11
4901,4
4902,16
4903,7
4904,5
4905,8
4906,15
4907,10
4908,14
4909,10
4910,6
4911,10
4912,13
4913,4
4914,3
4915,7
4916,6
4917,18
4918,7
4919,3
4920,15
4921,7
4922,9
4923,2
4924,3
4925,6
4926,8
4927,6
4928,4
4929,15
4930,4
4931,17
4932,14
4933,13
4934,7
4935,2
4936,5
4937,36
4938,29
4939,22
4940,12
4941,10
4942,10
4943,2
4944,2
4945,6
4946,4
4947,21
4948,5
4949,9
4950,5
4951,4
4952,2
4953,4
4954,5
4955,13
4956,14
4957,15
4958,8
4959,2
4960,6
4961,3
4962,5
4963,5
4964,6
4965,5
4966,4
4967,4
4968,6
4969,9
4970,14
4971,6
4972,2
4973,7
4974,29
4975,4
4976,10
4977,11
4978,23
4979,9
4980,14
4981,27
4982,51
4983,6
4984,13
4985,5
4986,9
4987,8
4988,8
4989,8
4990,7
4991,5
4992,8
4993,6
4994,7
4995,6
4996,5
4997,3
4998,10
4999,14
5000,3
5001,8
5002,6
5003,7
5004,11
5005,8
5006,21
5007,5
5008,5
5009,6
5010,11
5011,6
5012,7
5013,10
5014,5
5015,4
5016,22
5017,13
5018,12
5019,10
5020,6
5021,29
5022,8
5023,16
5024,12
5025,4
5026,9
5027,10
5028,10
5029,9
5030,13
5031,7
5032,7
5033,2
5034,15
5035,6
5036,6
5037,10
5038,6
5039,8
5040,6
5041,23
5042,6
5043,11
5044,7
5045,6
5046,4
5047,23
5048,10
5049,3
5050,8
5051,5
5052,7
5053,8
5054,16
5055,4
5056,4
5057,6
5058,2
5059,4
5060,3
5061,7
5062,8
5063,14
5064,15
5065,18
5066,14
5067,21
5068,6
5069,5
5070,18
5071,8
5072,4
5073,12
5074,15
5075,10
5076,12
5077,8
5078,44
5079,12
5080,17
5081,15
5082,19
5083,10
5084,13
5085,9
5086,2
5087,22
5088,9
5089,6
5090,16
5091,5
5092,19
5093,33
5094,12
5095,20
5096,17
5097,19
5098,25
5099,17
5100,36
5101,10
5102,11
5103,26
5104,53
5105,65
5106,32
5107,34
5108,38
5109,15
5110,19
5111,11
5112,63
5113,14
5114,10
5115,20
5116,45
5117,27
5118,19
5119,44
5120,16
5121,21
5122,6
5123,32
5124,34
5125,14
5126,13
5127,24
5128,12
5129,6
5130,18
5131,3
5132,7
5133,29
5134,48
5135,37
5136,53
5137,12
5138,4
5139,5
5140,15
5141,35
5142,5
5143,14
5144,8
5145,5
5146,13
5147,12
5148,10
5149,15
5150,2
5151,2
5152,4
5153,4
5154,10
5155,6
5156,13
5157,6
5158,6
5159,14
5160,10
5161,8
5162,23
5163,5
5164,8
5165,4
5166,2
5167,13
5168,30
5169,25
5170,7
5171,8
5172,7
5173,6
5174,8
5175,9
5176,4
5177,2
5178,9
5179,15
5180,7
5181,12
5182,9
5183,23
5184,5
5185,13
5186,3
5187,13
5188,4
5189,2
5190,29
5191,21
5192,7
5193,5
5194,2
5195,4
5196,4
5197,3
5198,3
5199,17
5200,5
5201,5
5202,2
5203,14
5204,9
5205,2
5206,14
5207,10
5208,17
5209,7
5210,9
5211,23
5212,19
5213,8
5214,14
5215,4
5216,16
5217,9
5218,27
5219,40
5220,8
5221,4
5222,11
5223,5
5224,11
5225,6
5226,4
5227,6
5228,2
5229,6
5230,14
5231,4
5232,11
5233,17
5234,16
5235,11
5236,15
5237,5
5238,7
5239,14
5240,9
5241,15
5242,4
5243,2
5244,27
5245,47
5246,17
5247,30
5248,10
5249,5
5250,16
5251,5
5252,18
5253,16
5254,5
5255,8
5256,15
5257,19
5258,16
5259,15
5260,24
5261,8
5262,14
5263,6
5264,17
5265,34
5266,21
5267,11
5268,48
5269,34
5270,40
5271,13
5272,15
5273,21
5274,36
5275,12
5276,38
5277,29
5278,17
5279,26
5280,14
5281,40
5282,20
5283,21
5284,21
5285,15
5286,35
5287,8
5288,22
5289,24
5290,22
5291,42
5292,32
5293,34
5294,5
5295,26
5296,15
5297,17
5298,24
5299,14
5300,27
5301,17
5302,17
5303,8
5304,25
5305,15
5306,10
5307,14
5308,27
5309,11
5310,36
5311,32
5312,17
5313,39
5314,21
5315,30
5316,38
5317,43
5318,26
5319,22
5320,10
5321,70
5322,51
5323,23
5324,9
5325,34
5326,9
5327,42
5328,35
5329,54
5330,52
5331,26
5332,15
5333,24
5334,6
5335,14
5336,20
5337,16
5338,20
5339,24
5340,15
5341,15
5342,20
5343,29
5344,23
5345,28
5346,23
5347,16
5348,20
5349,11
5350,19
5351,18
5352,22
5353,13
5354,23
5355,18
5356,24
5357,15
5358,16
5359,25
5360,28
5361,34
5362,31
5363,17
5364,13
5365,40
5366,52
5367,29
5368,19
5369,29
5370,33
5371,40
5372,34
5373,23
5374,35
5375,14
5376,45
5377,9
5378,31
5379,17
5380,22
5381,26
5382,27
5383,5
5384,51
5385,17
5386,14
5387,19
5388,5
5389,149
5390,15
5391,20
5392,34
5393,33
5394,38
5395,3
5396,40
5397,7
5398,23
5399,5
5400,32
5401,45
5402,9
5403,69
5404,9
5405,6
5406,21
5407,88
5408,46
5409,114
5410,31
5411,19
5412,42
5413,8
5414,16
5415,23
5416,18
5417,8
5418,30
5419,27
5420,30
5421,33
5422,31
5423,15
5424,16
5425,7
5426,10
5427,6
5428,13
5429,16
5430,10
5431,7
5432,33
5433,14
5434,21
5435,26
5436,28
5437,19
5438,37
5439,24
5440,19
5441,13
5442,12
5443,25
5444,40
5445,13
5446,8
5447,23
5448,13
5449,13
5450,30
5451,60
5452,54
5453,13
5454,14
5455,5
5456,17
5457,5
5458,13
5459,19
5460,14
5461,9
5462,7
5463,29
5464,13
5465,19
5466,7
5467,24
5468,20
5469,17
5470,27
5471,3
5472,3
5473,5
5474,2
5475,19
5476,25
5477,19
5478,15
5479,4
5480,2
5481,39
5482,8
5483,5
5484,2
5485,2
5486,6
5487,28
5488,12
5489,3
5490,5
5491,6
5492,9
5493,6
5494,26
5495,9
5496,2
5497,5
5498,6
5499,7
5500,20
5501,18
5502,24
5503,2
5504,2
5505,5
5506,6
5507,9
5508,6
5509,6
5510,15
5511,10
5512,12
5513,13
5514,3
5515,12
5516,14
5517,15
5518,17
5519,33
5520,13
5521,6
5522,8
5523,6
5524,15
5525,26
5526,14
5527,24
5528,11
5529,7
5530,3
5531,23
5532,14
5533,4
5534,5
5535,2
5536,4
5537,12
5538,6
5539,5
5540,19
5541,13
5542,2
5543,9
5544,3
5545,7
5546,6
5547,4
5548,6
5549,5
5550,2
5551,4
5552,24
5553,21
5554,19
5555,7
5556,18
5557,15
5558,31
5559,19
5560,5
5561,2
5562,15
5563,14
5564,26
5565,32
5566,11
5567,7
5568,19
5569,15
5570,17
5571,8
5572,23
5573,4
5574,2
5575,11
5576,7
5577,15
5578,5
5579,12
5580,10
5581,7
5582,18
5583,24
5584,16
5585,21
5586,13
5587,17
5588,21
5589,35
5590,14
5591,15
5592,31
5593,32
5594,23
5595,24
5596,8
5597,17
5598,12
5599,36
5600,25
5601,19
5602,24
5603,9
5604,22
5605,4
5606,8
5607,7
5608,22
5609,32
5610,7
5611,5
5612,16
5613,2
5614,5
5615,8
5616,16
5617,15
5618,2
5619,5
5620,2
5621,2
5622,7
5623,5
5624,2
5625,5
5626,10
5627,31
5628,15
5629,30
5630,51
5631,29
5632,6
5633,10
5634,5
5635,2
5636,2
5637,6
5638,3
5639,11
5640,10
5641,28
5642,12
5643,34
5644,4
5645,2
5646,7
5647,4
5648,8
5649,4
5650,14
5651,6
5652,4
5653,4
5654,5
5655,7
5656,4
5657,12
5658,4
5659,4
5660,7
5661,8
5662,12
5663,9
5664,3
5665,10
5666,3
5667,11
5668,15
5669,5
5670,3
5671,7
5672,7
5673,2
5674,4
5675,7
5676,3
5677,3
5678,67
5679,2
5680,8
5681,8
5682,6
5683,8
5684,7
5685,5
5686,11
5687,11
5688,12
5689,7
5690,10
5691,11
5692,8
5693,7
5694,5
5695,4
5696,6
5697,10
5698,18
5699,8
5700,9
5701,16
5702,10
5703,4
5704,26
5705,21
5706,7
5707,12
5708,4
5709,23
5710,11
5711,18
5712,15
5713,26
5714,23
5715,10
5716,23
5717,16
5718,10
5719,12
5720,15
5721,4
5722,23
5723,26
5724,20
5725,16
5726,6
5727,7
5728,41
5729,26
5730,20
5731,17
5732,24
5733,17
5734,16
5735,19
5736,10
5737,13
5738,16
5739,12
5740,10
5741,23
5742,8
5743,13
5744,20
5745,38
5746,17
5747,24
5748,20
5749,29
5750,9
5751,14
5752,24
5753,23
5754,34
5755,14
5756,17
5757,26
5758,9
5759,7
5760,30
5761,9
5762,28
5763,23
5764,17
5765,32
5766,16
5767,29
5768,20
5769,32
5770,16
5771,22
5772,18
5773,34
5774,11
5775,14
5776,19
5777,12
5778,5
5779,30
5780,6
5781,21
5782,11
5783,10
5784,4
5785,61
5786,27
5787,30
5788,37
5789,31
5790,12
5791,26
5792,4
5793,9
5794,6
5795,12
5796,37
5797,9
5798,8
5799,26
5800,24
5801,32
5802,16
5803,19
5804,42
5805,26
5806,82
5807,41
5808,63
5809,22
5810,9
5811,8
5812,11
5813,13
5814,5
5815,13
5816,12
5817,8
5818,4
5819,4
5820,2
5821,6
5822,3
5823,13
5824,6
5825,8
5826,2
5827,6
5828,11
5829,5
5830,9
5831,17
5832,6
5833,9
5834,13
5835,7
5836,5
5837,9
5838,5
5839,14
5840,4
5841,7
5842,10
5843,7
5844,3
5845,7
5846,8
5847,15
5848,3
5849,4
5850,4
5851,10
5852,2
5853,4
5854,15
5855,7
5856,30
5857,13
5858,16
5859,4
5860,16
5861,15
5862,19
5863,30
5864,18
5865,10
5866,6
5867,6
5868,8
5869,11
5870,10
5871,4
5872,5
5873,3
5874,4
5875,17
5876,34
5877,14
5878,42
5879,10
5880,36
5881,6
5882,15
5883,14
5884,10
5885,12
5886,14
5887,4
5888,3
5889,5
5890,5
5891,8
5892,8
5893,6
5894,3
5895,6
5896,8
5897,3
5898,14
5899,6
5900,11
5901,8
5902,11
5903,5
5904,14
5905,7
5906,11
5907,8
5908,5
5909,7
5910,7
5911,6
5912,4
5913,6
5914,10
5915,4
5916,11
5917,7
5918,6
5919,8
5920,5
5921,10
5922,14
5923,6
5924,2
5925,6
5926,6
5927,6
5928,10
5929,8
5930,8
5931,4
5932,5
5933,8
5934,9
5935,9
5936,8
5937,21
5938,17
5939,10
5940,22
5941,14
5942,13
5943,14
5944,7
5945,11
5946,12
5947,25
5948,4
5949,10
5950,24
5951,22
5952,14
5953,6
5954,2
5955,10
5956,8
5957,5
5958,25
5959,34
5960,13
5961,14
5962,8
5963,18
5964,16
5965,9
5966,40
